step,type,amount,nameOrig,oldbalanceOrg,newbalanceOrig,nameDest,oldbalanceDest,newbalanceDest,isFraud,isFlaggedFraud
138,PAYMENT,5905.75,C1394309360,0.0,0.0,M198922842,0.0,0.0,0,0
276,PAYMENT,13378.45,C1177782351,20154.16,6775.72,M608077858,0.0,0.0,0,0
329,TRANSFER,1633965.65,C3803505,32816.0,0.0,C551601212,16270.04,1650235.68,0,0
278,CASH_IN,99288.34,C2013828557,129325.51,228613.86,C1738294458,2091416.25,1992127.91,0,0
332,TRANSFER,450510.4,C1127313216,0.0,0.0,C426566088,3230502.48,3681012.88,0,0
374,CASH_OUT,150318.12,C1348597925,0.0,0.0,C2029594347,154707.91,305026.02,0,0
235,PAYMENT,19246.17,C1970492771,534.0,0.0,M250003772,0.0,0.0,0,0
401,PAYMENT,25630.29,C806803158,0.0,0.0,M1771740317,0.0,0.0,0,0
393,CASH_OUT,271813.14,C1703324785,0.0,0.0,C1278184537,873826.2,1145639.33,0,0
305,CASH_IN,288473.55,C1259027490,7378401.87,7666875.41,C410556267,491426.32,202952.78,0,0
401,CASH_IN,270730.72,C1187640143,2348742.24,2619472.96,C1354245682,13504483.03,13233752.31,0,0
35,CASH_OUT,254539.91,C564257258,69551.54,0.0,C425391205,0.0,254539.91,0,0
279,CASH_IN,92187.87,C1600661063,2890968.15,2983156.02,C1844891583,568763.42,476575.54,0,0
40,CASH_IN,293451.63,C1627920474,6053.0,299504.63,C792791788,692366.79,398915.17,0,0
381,CASH_OUT,170442.56,C667647955,40681.0,0.0,C629116130,0.0,170442.56,0,0
166,PAYMENT,13568.19,C1596798517,30300.0,16731.81,M819377769,0.0,0.0,0,0
275,CASH_IN,267469.41,C293333425,19594.0,287063.41,C57070613,0.0,0.0,0,0
48,PAYMENT,768.3,C1631870500,4291.74,3523.44,M1386554595,0.0,0.0,0,0
299,TRANSFER,941726.0,C2077099557,0.0,0.0,C2071233132,4282113.86,5223839.86,0,0
325,PAYMENT,16657.92,C1953516475,0.0,0.0,M1912471861,0.0,0.0,0,0
186,PAYMENT,790.54,C535364914,373047.58,372257.04,M1771738037,0.0,0.0,0,0
212,CASH_IN,14750.94,C246598239,7675694.45,7690445.4,C227761036,121195.8,106444.86,0,0
158,PAYMENT,17813.32,C233525280,578593.23,560779.91,M1356768722,0.0,0.0,0,0
210,CASH_OUT,205942.37,C1661844783,0.0,0.0,C1540125619,687344.71,893287.08,0,0
138,CASH_IN,120829.74,C1210546754,9454408.25,9575238.0,C1766930367,844137.58,1022949.41,0,0
331,CASH_OUT,42476.32,C295976737,58377.0,15900.68,C478266985,708697.43,751173.75,0,0
12,CASH_IN,69173.41,C1448037589,12218259.77,12287433.17,C220139610,332317.96,1301372.45,0,0
234,PAYMENT,13497.26,C1304389402,207638.24,194140.98,M1973961099,0.0,0.0,0,0
308,CASH_OUT,190862.26,C1362094166,0.0,0.0,C1064608608,753931.31,944793.57,0,0
307,CASH_OUT,81945.61,C1260761348,111604.0,29658.39,C281973343,649583.16,731528.77,0,0
305,CASH_OUT,312872.85,C647699948,69970.0,0.0,C97730660,0.0,312872.85,0,0
161,CASH_OUT,137201.13,C920727040,0.0,0.0,C1766031968,1127250.21,1513761.61,0,0
236,PAYMENT,15196.04,C1138841055,0.0,0.0,M324316858,0.0,0.0,0,0
129,CASH_OUT,56128.24,C1001212483,0.0,0.0,C574367055,7451532.19,7507660.42,0,0
232,CASH_OUT,73154.0,C2079532408,82036.0,8882.0,C838794300,362726.3,435880.31,0,0
249,PAYMENT,7477.3,C625616399,15626.0,8148.7,M67288894,0.0,0.0,0,0
139,CASH_IN,16407.07,C1040194665,6763558.5,6779965.56,C1456663475,1070064.43,1053657.37,0,0
143,TRANSFER,685482.12,C561659648,0.0,0.0,C86121777,1076942.37,1762424.49,0,0
33,CASH_IN,467837.4,C798714849,8186865.61,8654703.01,C260775925,24457571.53,23989734.13,0,0
566,CASH_IN,112996.92,C2090043319,5553630.78,5666627.7,C1070422111,486888.82,373891.9,0,0
375,CASH_OUT,138483.09,C1216629581,21.0,0.0,C516608048,0.0,138483.09,0,0
370,CASH_OUT,257204.01,C790289100,0.0,0.0,C527070788,1232436.44,1489640.45,0,0
38,CASH_OUT,333834.5,C1928118166,10543.0,0.0,C725841883,0.0,280715.21,0,0
686,PAYMENT,3730.07,C711254384,196.0,0.0,M18974783,0.0,0.0,0,0
135,CASH_IN,33440.78,C110732418,8167125.3,8200566.08,C393254350,174569.98,141129.2,0,0
322,CASH_IN,278818.01,C229936774,3573016.07,3851834.07,C507776794,11625211.67,11346393.66,0,0
137,CASH_OUT,164954.22,C296778636,0.0,0.0,C985153050,303313.57,468267.79,0,0
308,CASH_OUT,33254.25,C842835852,0.0,0.0,C470763864,73693.41,106947.66,0,0
393,PAYMENT,24722.05,C141473490,122824.17,98102.12,M131171483,0.0,0.0,0,0
22,PAYMENT,2587.05,C224993610,13035.59,10448.55,M1797697935,0.0,0.0,0,0
300,PAYMENT,5478.91,C1229632690,0.0,0.0,M393619564,0.0,0.0,0,0
38,CASH_OUT,147405.08,C827585346,0.0,0.0,C1092465037,13156090.69,13303495.77,0,0
549,CASH_OUT,122495.85,C323911542,198638.0,76142.15,C219107858,0.0,122495.85,0,0
235,CASH_OUT,16241.13,C1147025228,21733.0,5491.87,C1092166394,0.0,16241.13,0,0
163,CASH_OUT,76164.48,C1615710487,214.0,0.0,C9401384,0.0,76164.48,0,0
186,CASH_OUT,97828.65,C1848248367,114346.0,16517.35,C802905840,2678324.05,2776152.7,0,0
326,CASH_OUT,96212.12,C67585875,0.0,0.0,C2092278595,1417663.13,1513875.24,0,0
278,PAYMENT,667.5,C1377535756,31112.0,30444.5,M412169661,0.0,0.0,0,0
253,CASH_IN,92350.37,C1688237942,15551.0,107901.37,C381829685,1243785.65,1151435.28,0,0
160,CASH_OUT,1913.93,C1432633193,329739.0,327825.07,C1823740225,1240896.12,1242810.05,0,0
429,PAYMENT,1543.13,C193687336,5011.0,3467.87,M1420806078,0.0,0.0,0,0
280,PAYMENT,5206.62,C2096828389,87021.65,81815.03,M1233785997,0.0,0.0,0,0
210,TRANSFER,101564.56,C140356320,289854.4,188289.83,C2023824630,893401.57,994966.14,0,0
234,CASH_OUT,27001.5,C813383763,0.0,0.0,C1407741379,250221.36,282589.3,0,0
282,CASH_OUT,95437.49,C1219904227,145.0,0.0,C1189291877,0.0,95437.49,0,0
276,PAYMENT,11228.79,C1556988449,38897.18,27668.39,M1482509962,0.0,0.0,0,0
207,CASH_IN,325024.71,C1037669094,186116.82,511141.53,C909492932,557942.25,232917.54,0,0
129,PAYMENT,8916.48,C2128628529,174661.0,165744.52,M1027865317,0.0,0.0,0,0
518,PAYMENT,1341.87,C1853170297,0.0,0.0,M571280514,0.0,0.0,0,0
354,CASH_OUT,318928.62,C256549069,20572.0,0.0,C1593413439,16698172.18,17017100.8,0,0
130,PAYMENT,1540.04,C1498715801,192165.45,190625.41,M472212198,0.0,0.0,0,0
132,PAYMENT,21731.46,C931742432,0.0,0.0,M2026208633,0.0,0.0,0,0
35,CASH_OUT,108813.32,C939629903,459.0,0.0,C1718147673,3158004.6,3266817.92,0,0
162,CASH_IN,98617.88,C563773471,10469398.19,10568016.07,C418147176,438100.18,339482.31,0,0
231,CASH_OUT,584456.71,C1947422924,0.0,0.0,C1736036263,1535545.59,2120002.3,0,0
35,CASH_IN,85701.56,C1246505127,10687.0,96388.56,C1709476676,284500.44,819392.27,0,0
324,TRANSFER,429656.54,C535472084,0.0,0.0,C1066407010,2340749.85,2770406.39,0,0
211,CASH_OUT,425592.28,C503701872,0.0,0.0,C1682409207,1718165.21,1815402.59,0,0
188,CASH_OUT,7773.49,C163098356,11485.0,3711.51,C1435626,1878789.09,1886562.59,0,0
301,PAYMENT,11131.49,C1250180325,20691.0,9559.51,M1953819938,0.0,0.0,0,0
404,CASH_IN,249442.91,C1850034405,6972927.62,7222370.53,C108187121,1750897.48,1501454.57,0,0
129,CASH_IN,484790.28,C1407420356,3506151.71,3990941.99,C1848586606,6601524.45,6116734.17,0,0
139,PAYMENT,8933.98,C759846994,627087.71,618153.73,M217845960,0.0,0.0,0,0
154,CASH_OUT,542897.78,C614709856,0.0,0.0,C1787761547,797519.46,1340417.24,0,0
154,CASH_IN,220207.54,C661836483,17386009.02,17606216.56,C409620474,363042.89,142835.35,0,0
256,CASH_OUT,88750.52,C253335592,6519.0,0.0,C32548195,0.0,88750.52,0,0
182,PAYMENT,12447.11,C2132887951,933.0,0.0,M1652738443,0.0,0.0,0,0
185,CASH_OUT,103627.43,C1548487330,0.0,0.0,C1216319707,558394.65,519957.02,0,0
182,CASH_OUT,264730.72,C1316174466,20056.0,0.0,C329825668,0.0,264730.72,0,0
308,CASH_OUT,179693.04,C2023818406,0.0,0.0,C1801690994,266892.28,446585.32,0,0
213,CASH_OUT,85650.45,C1282130899,0.0,0.0,C1862730441,1446309.93,1531960.39,0,0
142,PAYMENT,22182.85,C225281657,176520.62,154337.77,M755792923,0.0,0.0,0,0
9,PAYMENT,3804.58,C1499938114,83897.94,80093.37,M823033541,0.0,0.0,0,0
406,CASH_OUT,164726.82,C427319157,0.0,0.0,C907888192,224767.85,389494.67,0,0
18,TRANSFER,736560.22,C954860903,52060.0,0.0,C134602723,130140.37,866700.59,0,0
133,PAYMENT,9516.43,C373767330,0.0,0.0,M1685718465,0.0,0.0,0,0
202,DEBIT,2574.29,C298802936,146782.18,144207.88,C301328974,43457.49,46031.78,0,0
299,DEBIT,785.32,C1404789517,0.0,0.0,C847734347,464806.3,465591.62,0,0
357,TRANSFER,142726.77,C1368892734,26540.0,0.0,C818026230,521005.79,663732.56,0,0
137,PAYMENT,11238.56,C555013551,485620.44,474381.88,M1128163115,0.0,0.0,0,0
130,CASH_OUT,47422.39,C1751690862,95806.0,48383.61,C1772337135,0.0,0.0,0,0
211,PAYMENT,1955.54,C1584918740,0.0,0.0,M805014650,0.0,0.0,0,0
15,CASH_OUT,126492.72,C2025756397,18033.0,0.0,C1399124850,638021.8,764514.52,0,0
206,PAYMENT,4183.9,C1243717163,629936.56,625752.66,M1887607300,0.0,0.0,0,0
397,PAYMENT,17056.92,C16323769,5977.28,0.0,M612028921,0.0,0.0,0,0
308,PAYMENT,13445.15,C457256877,243625.0,230179.85,M2074720290,0.0,0.0,0,0
283,CASH_IN,196295.83,C151377183,21787039.36,21983335.2,C2010067250,371379.27,175083.44,0,0
330,CASH_OUT,66165.78,C2078176342,0.0,0.0,C450634274,1484800.5,1550966.28,0,0
370,PAYMENT,21673.58,C1782453755,0.0,0.0,M299135572,0.0,0.0,0,0
17,TRANSFER,99272.42,C464970378,49675.0,0.0,C1757235933,0.0,99272.42,0,0
280,CASH_OUT,81222.38,C1627283539,0.0,0.0,C180925959,269430.29,350652.67,0,0
236,CASH_OUT,429813.45,C1210409224,0.0,0.0,C1049885727,3735539.15,4165352.6,0,0
253,PAYMENT,198.22,C1314843910,0.0,0.0,M785849279,0.0,0.0,0,0
9,CASH_OUT,280835.54,C223978654,252517.0,0.0,C1022896347,207474.58,171908.47,0,0
228,CASH_OUT,26559.74,C1589849886,146662.0,120102.26,C1836327815,255752.74,282312.48,0,0
7,CASH_OUT,93436.22,C893937348,0.0,0.0,C1887692104,254858.99,0.0,0,0
131,CASH_OUT,324275.84,C1146889329,546072.19,221796.35,C1979585370,3893072.44,4217348.28,0,0
398,TRANSFER,1635723.43,C1158381585,21030.0,0.0,C356938424,907003.54,2542726.97,0,0
282,PAYMENT,7531.02,C2080723397,7958.0,426.98,M1414922310,0.0,0.0,0,0
41,CASH_OUT,63722.4,C751224223,0.0,0.0,C562903384,145773.06,209495.45,0,0
184,TRANSFER,120622.78,C929943960,61344.0,0.0,C919684247,0.0,120622.78,0,0
357,CASH_OUT,100730.35,C571603683,253.0,0.0,C100715418,380580.12,481310.47,0,0
139,PAYMENT,54288.68,C235040665,121312.0,67023.32,M241176723,0.0,0.0,0,0
492,PAYMENT,13723.38,C2077171698,0.0,0.0,M808374737,0.0,0.0,0,0
349,PAYMENT,2994.17,C418347385,0.0,0.0,M1428118434,0.0,0.0,0,0
350,TRANSFER,280534.82,C173532768,0.0,0.0,C1111979691,1446649.81,1727184.63,0,0
380,PAYMENT,11217.18,C1016571252,20860.0,9642.82,M1545553425,0.0,0.0,0,0
402,PAYMENT,26821.75,C1067246651,100202.0,73380.25,M731923198,0.0,0.0,0,0
396,CASH_OUT,357180.17,C341063526,0.0,0.0,C1832174712,2207587.62,2564767.79,0,0
20,PAYMENT,15663.47,C1678525396,347970.0,332306.53,M272989781,0.0,0.0,0,0
94,CASH_IN,292902.2,C550509895,6346570.71,6639472.91,C2030142449,2316618.85,2023716.65,0,0
346,CASH_OUT,257347.97,C943281147,0.0,0.0,C1490604070,9587239.51,9844587.48,0,0
253,PAYMENT,54273.2,C1036070862,16420.0,0.0,M1717106678,0.0,0.0,0,0
260,PAYMENT,7394.44,C2104021163,1343.0,0.0,M931184646,0.0,0.0,0,0
350,CASH_OUT,400413.06,C1195504864,0.0,0.0,C1185768792,1705878.0,2106291.06,0,0
177,PAYMENT,15002.82,C285322956,481659.25,466656.43,M508884331,0.0,0.0,0,0
165,PAYMENT,980.51,C1187185282,387.0,0.0,M1999828762,0.0,0.0,0,0
370,PAYMENT,3691.8,C372148237,112425.0,108733.2,M765703772,0.0,0.0,0,0
321,TRANSFER,1068383.73,C2135036467,54980.0,0.0,C1137739802,1840327.67,2908711.4,0,0
346,CASH_IN,392116.19,C1896299550,6191.0,398307.19,C30256110,1464537.68,1072421.49,0,0
330,CASH_IN,56648.66,C1710561982,92437.0,149085.66,C164012933,375561.1,318912.44,0,0
133,CASH_OUT,202038.49,C2111410843,323718.32,121679.82,C1202292933,295507.66,497546.15,0,0
259,CASH_OUT,87607.74,C235716847,316770.61,229162.87,C1128464822,430943.98,518551.71,0,0
403,CASH_OUT,284844.59,C1244028369,14862.0,0.0,C1800717190,0.0,153933.9,0,0
308,CASH_OUT,48632.36,C316382885,0.0,0.0,C2134097149,53572.7,102205.07,0,0
257,CASH_IN,15859.0,C1013686265,106207.0,122066.0,C112803616,0.0,0.0,0,0
375,PAYMENT,2720.48,C1590031454,90443.0,87722.52,M537005962,0.0,0.0,0,0
34,PAYMENT,11319.07,C1444160681,0.0,0.0,M1878091862,0.0,0.0,0,0
332,CASH_OUT,109210.0,C1746309388,0.0,0.0,C1851186376,1820622.78,1929832.78,0,0
402,TRANSFER,235891.9,C1477745791,0.0,0.0,C185312763,966481.35,1202373.24,0,0
308,CASH_OUT,140072.11,C1139754173,808349.0,668276.89,C640418166,0.0,140072.11,0,0
43,PAYMENT,10101.25,C804578046,0.0,0.0,M1490078994,0.0,0.0,0,0
180,PAYMENT,2725.13,C450928624,7249.72,4524.59,M218857704,0.0,0.0,0,0
393,CASH_OUT,191247.6,C2024559956,0.0,0.0,C704895437,2263613.35,2454860.95,0,0
240,PAYMENT,3232.56,C1281964655,303302.0,300069.44,M680640204,0.0,0.0,0,0
370,PAYMENT,19733.4,C2061099333,5025.0,0.0,M1275117216,0.0,0.0,0,0
179,CASH_OUT,144492.77,C331462746,0.0,0.0,C166706600,355040.95,499533.72,0,0
284,CASH_IN,170950.86,C2025122626,20813.0,191763.86,C26955595,0.0,0.0,0,0
41,CASH_IN,84457.55,C1789436428,35693.0,120150.55,C1918121958,757933.92,673476.37,0,0
307,CASH_OUT,431845.55,C95611199,0.0,0.0,C1362258327,1121924.32,1553769.87,0,0
283,PAYMENT,3133.85,C220696360,7517.0,4383.15,M1189471036,0.0,0.0,0,0
306,CASH_OUT,2377.58,C429925206,51686.0,49308.42,C1346319680,0.0,2377.58,0,0
356,CASH_OUT,164877.35,C1137867580,0.0,0.0,C713601881,277951.28,442828.63,0,0
250,CASH_OUT,462049.31,C303171512,189923.0,0.0,C2100199007,0.0,462049.31,0,0
369,CASH_OUT,369098.03,C440558931,139961.99,0.0,C1235486307,644586.62,1013684.65,0,0
301,CASH_IN,195506.55,C132214991,21417.0,216923.55,C506337599,0.0,0.0,0,0
283,CASH_OUT,177129.67,C14722228,0.0,0.0,C1903046946,305845.93,482975.6,0,0
380,TRANSFER,1564867.62,C1759885045,0.0,0.0,C179912218,12539864.8,14104732.42,0,0
349,CASH_OUT,30618.25,C324296677,10868.0,0.0,C549582084,7600743.59,7631361.84,0,0
286,CASH_OUT,153212.65,C1634850575,0.0,0.0,C288700227,1416132.56,1569345.21,0,0
347,CASH_OUT,32649.47,C593337033,0.0,0.0,C1204944624,5418937.51,5451586.98,0,0
308,CASH_OUT,106851.69,C1667689132,0.0,0.0,C1657757215,163027.76,269879.46,0,0
226,PAYMENT,19390.53,C864537418,8751.63,0.0,M1321819522,0.0,0.0,0,0
235,TRANSFER,186689.13,C1823146593,0.0,0.0,C607695957,241342.39,428031.52,0,0
130,CASH_OUT,126507.33,C2091137191,0.0,0.0,C1848015235,1073775.23,1203426.98,0,0
38,PAYMENT,13675.24,C173573116,208529.87,194854.63,M1463437961,0.0,0.0,0,0
162,CASH_OUT,315769.75,C1868825579,199488.0,0.0,C1664927413,1885752.41,2201522.16,0,0
204,CASH_OUT,4700.02,C1169617499,0.0,0.0,C1459462493,762608.5,767308.52,0,0
15,CASH_IN,258469.26,C1469298044,3747296.71,4005765.98,C2104507826,775921.65,661019.59,0,0
16,CASH_IN,68140.93,C2066317148,725279.15,793420.08,C2057440679,1157677.42,941762.58,0,0
373,PAYMENT,8951.03,C1541853008,222242.15,213291.12,M2100703329,0.0,0.0,0,0
328,PAYMENT,1585.05,C730282058,52680.0,51094.95,M263329395,0.0,0.0,0,0
132,PAYMENT,24576.81,C790004299,20966.0,0.0,M1190769154,0.0,0.0,0,0
93,PAYMENT,5632.19,C262949896,0.0,0.0,M98333879,0.0,0.0,0,0
345,PAYMENT,21833.19,C2014262035,455755.0,433921.81,M1901612359,0.0,0.0,0,0
299,PAYMENT,2007.56,C1173692944,10935.0,8927.44,M785592474,0.0,0.0,0,0
399,CASH_OUT,3601.24,C1548645653,858.0,0.0,C832232986,1424.49,5025.74,0,0
375,PAYMENT,16044.11,C458783690,0.0,0.0,M1960867333,0.0,0.0,0,0
178,CASH_IN,286170.69,C504361870,20890.0,307060.69,C1903696782,0.0,0.0,0,0
204,CASH_IN,23197.59,C1604663295,2287890.73,2311088.32,C1764814903,800217.59,777020.0,0,0
378,CASH_OUT,258490.03,C1680296657,10248.0,0.0,C439586665,348688.52,607178.55,0,0
372,PAYMENT,5949.3,C1232582578,31662.25,25712.95,M325887874,0.0,0.0,0,0
305,DEBIT,7401.22,C229249921,2283.0,0.0,C1319862719,160943.3,168344.52,0,0
145,CASH_IN,391192.8,C139000599,566107.57,957300.38,C1728459994,1025723.58,634530.78,0,0
20,PAYMENT,11601.02,C1248391913,5176.0,0.0,M1006464783,0.0,0.0,0,0
119,CASH_IN,54088.17,C1592169126,4600841.58,4654929.75,C1210180003,3394209.6,3340121.42,0,0
134,CASH_OUT,333447.83,C234822179,0.0,0.0,C1482455618,4132414.23,4465862.06,0,0
251,CASH_IN,321596.09,C858899602,868762.15,1190358.25,C1511828231,349960.24,28364.15,0,0
190,PAYMENT,9016.13,C1323268787,11372.17,2356.03,M500912566,0.0,0.0,0,0
538,CASH_OUT,193242.22,C1120080505,0.0,0.0,C1043369388,522868.09,716110.31,0,0
490,PAYMENT,12699.22,C1794234116,148087.0,135387.78,M772742160,0.0,0.0,0,0
34,CASH_OUT,30141.17,C1255496854,0.0,0.0,C1756898645,236969.0,131133.12,0,0
404,PAYMENT,16782.58,C757047688,0.0,0.0,M1794286340,0.0,0.0,0,0
212,TRANSFER,5680.81,C725711592,0.0,0.0,C289824713,389782.51,395463.31,0,0
164,CASH_OUT,150163.21,C2112711480,100166.0,0.0,C1101675308,0.0,150163.21,0,0
37,CASH_IN,192484.97,C307494880,9966.0,202450.97,C533442136,3198961.46,3006476.49,0,0
301,CASH_OUT,146015.15,C1192803452,0.0,0.0,C1432323871,284069.4,430084.55,0,0
139,CASH_IN,33059.21,C690283575,3212367.31,3245426.52,C1910836162,415598.22,382539.01,0,0
23,CASH_IN,63105.29,C596578417,7556.0,70661.29,C464294308,0.0,0.0,0,0
210,CASH_OUT,237755.17,C705227130,0.0,0.0,C1248645795,6803449.07,7041204.24,0,0
228,PAYMENT,2056.0,C868058876,102046.97,99990.97,M539322460,0.0,0.0,0,0
322,PAYMENT,32802.11,C1068319982,21528.0,0.0,M336669011,0.0,0.0,0,0
300,CASH_IN,29928.88,C969280121,3270341.89,3300270.77,C1223591088,6407789.55,6377860.67,0,0
287,PAYMENT,22744.25,C1416890164,12559.0,0.0,M1400674213,0.0,0.0,0,0
37,CASH_IN,25010.03,C227142448,685.0,25695.03,C876420389,674454.36,649444.33,0,0
41,CASH_OUT,42671.66,C1151165111,20611.0,0.0,C1561784955,8557018.58,8599690.24,0,0
132,CASH_OUT,376357.31,C100176477,21336.0,0.0,C1489098388,902293.16,1278650.47,0,0
132,TRANSFER,132460.76,C1329287110,0.0,0.0,C1765386641,846875.06,979335.82,0,0
573,CASH_OUT,170482.27,C2009830577,12197.0,0.0,C68471626,360142.32,530624.59,0,0
14,CASH_OUT,314368.78,C917516508,72196.0,0.0,C1795997572,0.0,69307.24,0,0
332,CASH_IN,172167.98,C1254908529,2881667.26,3053835.24,C472412028,267332.6,95164.62,0,0
181,CASH_IN,334944.31,C913598417,107794.0,442738.31,C870895103,13774.74,0.0,0,0
9,CASH_OUT,145641.98,C575926006,10904.0,0.0,C1087943792,111521.0,0.0,0,0
375,CASH_OUT,154988.53,C1450046923,483791.0,328802.47,C201051213,0.0,154988.53,0,0
277,PAYMENT,8785.51,C1882643906,0.0,0.0,M765759121,0.0,0.0,0,0
8,PAYMENT,4783.85,C1953643785,26145.0,21361.15,M2100753738,0.0,0.0,0,0
18,CASH_OUT,138410.57,C389866846,0.0,0.0,C1738132973,7918733.9,8057144.47,0,0
356,PAYMENT,11255.82,C108966916,70742.9,59487.08,M1407351843,0.0,0.0,0,0
43,PAYMENT,16441.38,C943965738,189139.46,172698.08,M57183444,0.0,0.0,0,0
351,PAYMENT,6555.94,C617055125,1132.0,0.0,M336084203,0.0,0.0,0,0
182,CASH_IN,184480.07,C1786714990,1974062.49,2158542.56,C1264422190,320658.0,136177.93,0,0
299,CASH_OUT,141945.43,C753160109,0.0,0.0,C548992066,1003598.95,1145544.38,0,0
177,CASH_OUT,150429.76,C2088340905,0.0,0.0,C658658257,370676.19,521105.95,0,0
379,CASH_OUT,179791.23,C950570579,0.0,0.0,C286244269,412226.82,592018.04,0,0
211,PAYMENT,9363.97,C1703742113,198971.0,189607.03,M1155481507,0.0,0.0,0,0
20,PAYMENT,8566.49,C838758331,19227.0,10660.51,M35912752,0.0,0.0,0,0
309,PAYMENT,24917.08,C3822537,101660.0,76742.92,M2095748446,0.0,0.0,0,0
371,CASH_IN,118689.57,C509680828,21802.0,140491.57,C1492987423,51082.89,0.0,0,0
226,CASH_OUT,300302.93,C1180439957,210449.0,0.0,C1807217161,104323.4,404626.33,0,0
43,CASH_OUT,57370.57,C1590669784,4532.0,0.0,C576384658,307364.86,364735.44,0,0
158,CASH_OUT,55381.39,C306769508,940.0,0.0,C1960970466,0.0,55381.39,0,0
142,CASH_OUT,6956.4,C2116464400,2669.28,0.0,C2111361095,3366494.85,3373451.25,0,0
142,PAYMENT,3265.14,C101821128,24766.0,21500.86,M1188956448,0.0,0.0,0,0
563,CASH_OUT,285064.0,C164872135,15255.0,0.0,C802306983,0.0,285064.0,0,0
44,CASH_IN,94199.66,C536068044,21197.0,115396.66,C454020267,50053.87,0.0,0,0
372,PAYMENT,21991.52,C1199903391,207239.0,185247.48,M1012195101,0.0,0.0,0,0
15,PAYMENT,15494.28,C321399835,146260.88,130766.59,M983454657,0.0,0.0,0,0
326,PAYMENT,1748.47,C1803948022,0.0,0.0,M1443174764,0.0,0.0,0,0
21,CASH_IN,148736.12,C1596250776,1227298.5,1376034.62,C1747374591,185467.89,36731.76,0,0
186,CASH_OUT,477822.04,C307592045,0.0,0.0,C1526623773,907244.85,1385066.89,0,0
327,PAYMENT,4531.12,C1349297634,231429.57,226898.45,M155215242,0.0,0.0,0,0
251,CASH_OUT,178336.05,C351943761,4795.0,0.0,C2006737143,94294.25,272630.3,0,0
14,CASH_OUT,154189.74,C520271786,0.0,0.0,C26179537,191769.34,345959.08,0,0
205,CASH_OUT,187272.89,C782590062,600970.13,413697.24,C899992609,213258.78,714549.78,0,0
41,CASH_OUT,105810.48,C1981143987,3834.0,0.0,C1503894204,1634418.53,1509291.63,0,0
253,CASH_IN,84205.8,C484241701,9170.0,93375.8,C682216326,0.0,0.0,0,0
401,CASH_IN,231063.51,C1621006386,4757569.67,4988633.19,C980241582,6372855.94,6141792.43,0,0
205,CASH_OUT,38476.26,C333512292,6306.0,0.0,C1847288945,0.0,38476.26,0,0
487,CASH_OUT,15819.04,C1293019756,0.0,0.0,C415626818,1507294.04,1523113.08,0,0
156,PAYMENT,1209.43,C251944951,27726.76,26517.33,M438227050,0.0,0.0,0,0
36,CASH_OUT,407827.92,C375710922,14482.0,0.0,C1738997898,0.0,407827.92,0,0
156,PAYMENT,15432.0,C80957598,16236.0,804.0,M402956143,0.0,0.0,0,0
235,TRANSFER,336477.44,C1558538187,1870.88,0.0,C1429620725,1044473.11,1380950.55,0,0
185,CASH_IN,559845.4,C431628529,103462.0,663307.4,C2145483521,2730527.13,2170681.73,0,0
301,PAYMENT,22541.18,C566020315,0.0,0.0,M218136306,0.0,0.0,0,0
394,CASH_OUT,202340.29,C1363744972,0.0,0.0,C1091272050,1360862.33,1563202.62,0,0
182,CASH_IN,203134.47,C517620409,7827572.64,8030707.1,C1259871173,568868.75,365734.28,0,0
406,TRANSFER,1073943.1,C1728831621,0.0,0.0,C433928077,1971223.59,3045166.69,0,0
402,PAYMENT,2965.27,C1290903525,19.0,0.0,M1834599653,0.0,0.0,0,0
334,PAYMENT,5936.13,C533932543,250586.0,244649.87,M318390877,0.0,0.0,0,0
381,PAYMENT,3016.6,C1438287055,56354.2,53337.6,M1349589231,0.0,0.0,0,0
227,CASH_IN,321557.94,C153248646,92077.0,413634.94,C6386079,0.0,0.0,0,0
161,TRANSFER,1156343.59,C1319435530,0.0,0.0,C464418115,2207706.5,3364050.09,0,0
14,CASH_IN,209871.09,C663955719,2080851.08,2290722.16,C1937607570,723533.59,513662.5,0,0
13,CASH_OUT,59405.47,C268883486,0.0,0.0,C1490604070,7295723.51,7204602.59,0,0
12,PAYMENT,927.24,C1190354401,0.0,0.0,M45793429,0.0,0.0,0,0
374,PAYMENT,30245.37,C434803307,0.0,0.0,M1540321376,0.0,0.0,0,0
254,CASH_OUT,81294.35,C1548000387,646.0,0.0,C699764643,0.0,81294.35,0,0
183,TRANSFER,191954.07,C352522880,290.0,0.0,C1661679113,0.0,191954.07,0,0
235,CASH_OUT,223705.92,C509692356,11389.0,0.0,C2073357582,409994.01,633699.93,0,0
278,PAYMENT,40013.56,C1442418749,0.0,0.0,M1555933558,0.0,0.0,0,0
307,PAYMENT,54677.93,C1526397016,0.0,0.0,M350626639,0.0,0.0,0,0
11,PAYMENT,8844.79,C119834198,109830.0,100985.21,M1394517019,0.0,0.0,0,0
181,TRANSFER,2931319.49,C1545805359,72912.0,0.0,C663671678,3852394.9,6783714.38,0,0
163,PAYMENT,2672.22,C1120638353,14079.0,11406.78,M1382247715,0.0,0.0,0,0
192,PAYMENT,1435.83,C527160693,166.0,0.0,M2061466990,0.0,0.0,0,0
204,TRANSFER,485428.13,C1848278074,0.0,0.0,C700638556,1553436.99,2038865.12,0,0
166,TRANSFER,128525.73,C1202195167,11251.0,0.0,C229297894,705210.84,833736.57,0,0
179,CASH_IN,246220.9,C218651543,2380.0,248600.9,C670394030,1436338.88,1190117.98,0,0
181,CASH_IN,172085.21,C1302447070,6336.0,178421.21,C1249724174,0.0,0.0,0,0
355,PAYMENT,15760.98,C106487857,4308.0,0.0,M833252442,0.0,0.0,0,0
40,PAYMENT,16076.29,C1963919341,108127.0,92050.71,M1278746861,0.0,0.0,0,0
335,PAYMENT,9068.59,C1557984482,271909.0,262840.41,M1301007467,0.0,0.0,0,0
329,CASH_OUT,38291.71,C1061862120,0.0,0.0,C61092603,843858.75,882150.46,0,0
323,CASH_IN,268050.47,C1073731726,4553423.99,4821474.46,C949086421,3010654.98,2742604.52,0,0
373,PAYMENT,335.62,C63317660,0.0,0.0,M1706769439,0.0,0.0,0,0
373,PAYMENT,2141.17,C1628525625,14579.0,12437.83,M815451561,0.0,0.0,0,0
301,PAYMENT,8925.89,C1394601702,0.0,0.0,M1149051096,0.0,0.0,0,0
374,CASH_OUT,12931.4,C1311355899,0.0,0.0,C137649342,12042404.9,12055336.3,0,0
331,CASH_IN,550654.9,C1759891065,1118.0,551772.9,C1825750532,0.0,0.0,0,0
181,CASH_IN,64621.27,C994932291,2513744.48,2578365.76,C553790651,1332993.01,1268371.74,0,0
207,CASH_OUT,267880.4,C870197749,0.0,0.0,C684199319,330654.52,598534.93,0,0
306,CASH_OUT,82541.42,C825542929,11414.0,0.0,C417837549,269028.29,351569.71,0,0
187,CASH_OUT,115212.6,C1638757108,19938.0,0.0,C1908595889,1483091.69,1598304.28,0,0
133,PAYMENT,14927.51,C1440855603,9081.0,0.0,M1976073380,0.0,0.0,0,0
284,PAYMENT,9741.73,C2004961364,73357.0,63615.27,M91339682,0.0,0.0,0,0
288,CASH_OUT,264753.93,C315067717,0.0,0.0,C1068952120,554302.43,819056.36,0,0
254,CASH_OUT,69235.38,C176524548,170713.0,101477.62,C1567296234,0.0,69235.38,0,0
273,CASH_IN,442204.94,C1570406775,8958896.32,9401101.26,C1542534326,6905877.01,6463672.07,0,0
182,PAYMENT,15013.24,C143998034,1801.0,0.0,M634968521,0.0,0.0,0,0
334,TRANSFER,309262.16,C839199457,0.0,0.0,C1977690839,660586.02,969848.17,0,0
18,CASH_OUT,81786.27,C1824897404,1613.0,0.0,C395634693,0.0,81786.27,0,0
205,TRANSFER,35308.18,C173700362,184109.23,148801.05,C693609265,40306.46,75614.64,0,0
332,TRANSFER,181235.46,C1104693117,25849.0,0.0,C707258817,160701.5,341936.97,0,0
129,CASH_IN,140798.79,C1328110999,2425016.22,2565815.0,C811497739,2195986.09,2055187.3,0,0
252,PAYMENT,2220.69,C970024730,0.0,0.0,M1205927682,0.0,0.0,0,0
280,PAYMENT,12109.97,C1768186256,50915.0,38805.03,M2098234134,0.0,0.0,0,0
403,CASH_OUT,71595.82,C1169708317,64916.0,0.0,C2101495459,576229.71,647825.53,0,0
138,CASH_IN,318637.73,C26330587,12593260.85,12911898.58,C1089609939,332998.56,14360.83,0,0
192,CASH_IN,137759.89,C2108263108,1074930.29,1212690.18,C396316225,340654.16,202894.27,0,0
225,PAYMENT,11043.3,C2106171551,0.0,0.0,M595205478,0.0,0.0,0,0
328,CASH_OUT,28046.26,C1237183788,0.0,0.0,C1827403367,374258.55,402304.81,0,0
162,CASH_OUT,53394.0,C1295041073,0.0,0.0,C1746509556,85693.44,139087.44,0,0
205,CASH_OUT,124463.67,C802675018,0.0,0.0,C2097224214,357171.87,481635.54,0,0
307,PAYMENT,4427.82,C1818430712,230450.7,226022.88,M1421638162,0.0,0.0,0,0
334,PAYMENT,24490.9,C236672962,100861.0,76370.1,M565286109,0.0,0.0,0,0
43,CASH_OUT,356113.97,C1707040329,452463.0,96349.03,C1489571589,3279845.29,3635959.26,0,0
254,CASH_IN,35535.41,C824653235,2302802.52,2338337.92,C253655186,197740.04,162204.63,0,0
215,PAYMENT,25695.45,C1455001674,198826.52,173131.07,M459250005,0.0,0.0,0,0
305,CASH_IN,372225.69,C561893080,228.0,372453.69,C1274500965,0.0,0.0,0,0
134,CASH_OUT,277713.71,C1875712871,0.0,0.0,C127186219,286243.77,563957.48,0,0
250,CASH_OUT,212166.85,C1939142010,0.0,0.0,C1765606516,4953509.43,5165676.28,0,0
18,CASH_IN,174557.09,C1868270877,3541867.46,3716424.55,C1612749105,416187.29,241630.2,0,0
185,TRANSFER,143741.97,C991584156,11166.0,0.0,C1429859949,0.0,143741.97,0,0
301,CASH_OUT,108907.35,C8439007,522839.0,413931.65,C551847177,0.0,108907.35,0,0
160,CASH_OUT,148912.77,C1206230125,1081.0,0.0,C442501643,1406770.19,1555682.96,0,0
44,PAYMENT,1562.29,C827964065,118438.23,116875.94,M1738497258,0.0,0.0,0,0
403,CASH_OUT,199867.78,C2144473199,0.0,0.0,C248007765,313826.86,513694.64,0,0
311,PAYMENT,5197.53,C2116876863,107622.0,102424.47,M228982964,0.0,0.0,0,0
376,CASH_IN,297427.97,C941238949,6856006.63,7153434.59,C1118942128,2555241.56,2257813.59,0,0
187,TRANSFER,1071645.15,C2056536737,1214.0,0.0,C2086738730,39078.49,1110723.63,0,0
179,PAYMENT,21981.53,C704562004,184.0,0.0,M1002243922,0.0,0.0,0,0
207,CASH_OUT,74347.13,C1284912372,55750.0,0.0,C463122864,23199253.02,23159621.3,0,0
42,CASH_IN,27661.87,C946414789,1511.0,29172.87,C1976076902,0.0,0.0,0,0
282,PAYMENT,29252.41,C1302545944,0.0,0.0,M1600292668,0.0,0.0,0,0
45,CASH_OUT,12242.26,C564264224,0.0,0.0,C1788004508,606571.12,618813.37,0,0
333,TRANSFER,40595.93,C1101332587,0.0,0.0,C1898883386,1344477.57,1385073.5,0,0
141,CASH_OUT,89840.16,C476844344,2665.0,0.0,C845956792,34935.02,124775.18,0,0
236,TRANSFER,252266.26,C103400579,34723.0,0.0,C1654342562,0.0,252266.26,0,0
13,TRANSFER,216139.53,C1985111709,56631.0,0.0,C2146366450,2210855.72,2748937.39,0,0
324,TRANSFER,256983.09,C825259224,0.0,0.0,C63625771,4801681.64,5058664.73,0,0
324,TRANSFER,681992.85,C970497586,18326.0,0.0,C1376349812,0.0,681992.85,0,0
282,CASH_OUT,120764.2,C1122239417,41144.0,0.0,C906654537,0.0,120764.2,0,0
14,CASH_IN,10198.02,C23802191,4269467.22,4279665.24,C1949430968,2541682.95,2531484.93,0,0
687,PAYMENT,2068.67,C67362455,795053.0,792984.33,M329913413,0.0,0.0,0,0
306,CASH_IN,87675.74,C772980701,95796.0,183471.74,C42837626,908597.51,820921.77,0,0
284,CASH_OUT,29309.76,C9280962,0.0,0.0,C1063207689,1435881.51,1465191.27,0,0
10,PAYMENT,977.69,C2013769064,369.0,0.0,M182453667,0.0,0.0,0,0
183,PAYMENT,15706.89,C79737828,0.0,0.0,M515120504,0.0,0.0,0,0
182,CASH_OUT,251304.74,C449757836,0.0,0.0,C183887062,3552334.08,3828350.02,0,0
11,PAYMENT,5064.51,C2001030497,11263.0,6198.49,M2004569346,0.0,0.0,0,0
274,PAYMENT,7715.83,C1191658256,30650.0,22934.17,M212899672,0.0,0.0,0,0
130,CASH_OUT,323370.74,C305465502,106211.0,0.0,C2003647299,0.0,323370.74,0,0
184,CASH_OUT,95824.75,C1049715103,60159.0,0.0,C1543548990,316097.58,411922.33,0,0
190,PAYMENT,2935.03,C1992939986,43907.0,40971.97,M37251796,0.0,0.0,0,0
17,PAYMENT,39925.93,C1354450727,0.0,0.0,M592535773,0.0,0.0,0,0
44,PAYMENT,7266.2,C2049046365,19881.16,12614.96,M923873049,0.0,0.0,0,0
540,CASH_IN,18410.5,C1657914807,649439.09,667849.59,C542397212,201503.21,183092.72,0,0
278,PAYMENT,10320.44,C767621106,41673.0,31352.56,M1728262395,0.0,0.0,0,0
9,CASH_IN,12355.25,C216428832,2910879.1,2923234.35,C1569007457,545557.12,553308.88,0,0
208,CASH_OUT,35992.7,C489864983,360104.0,324111.3,C562982048,0.0,35992.7,0,0
235,CASH_OUT,134907.82,C1803027344,42748.0,0.0,C1248433938,363630.81,498538.63,0,0
301,CASH_OUT,435286.49,C910801981,18644.0,0.0,C1897900532,138799.75,574086.24,0,0
308,PAYMENT,13703.5,C2088415852,218397.17,204693.67,M1797243230,0.0,0.0,0,0
279,CASH_OUT,80407.38,C2144321045,80373.0,0.0,C57177448,115420.35,195827.73,0,0
11,CASH_IN,292712.76,C1582401334,1792493.67,2085206.43,C1620027342,365465.61,72752.85,0,0
231,CASH_IN,220884.45,C1610042259,3676576.09,3897460.53,C1952968485,670670.44,449785.99,0,0
237,PAYMENT,837.97,C1046038295,360751.0,359913.03,M565113290,0.0,0.0,0,0
408,CASH_OUT,167472.44,C969423194,0.0,0.0,C988315299,476294.88,643767.32,0,0
403,CASH_IN,79800.52,C2094062000,2475324.74,2555125.26,C1970655187,230978.7,151178.18,0,0
278,TRANSFER,268427.56,C695766965,0.0,0.0,C632010876,648132.78,916560.34,0,0
403,CASH_IN,116037.79,C37582189,83489.0,199526.79,C1083701848,0.0,0.0,0,0
250,CASH_IN,36152.7,C634231883,4125608.44,4161761.14,C1161520171,10257999.72,10221847.02,0,0
322,TRANSFER,38860.5,C770561370,0.0,0.0,C1486435179,362091.46,400951.96,0,0
236,CASH_OUT,212091.9,C1589776374,56598.51,0.0,C1346797291,508794.92,720886.81,0,0
205,CASH_OUT,114443.01,C383148894,0.0,0.0,C68908429,172380.35,286823.35,0,0
42,PAYMENT,8551.51,C1682677623,50179.0,41627.49,M344015614,0.0,0.0,0,0
15,CASH_OUT,181814.57,C762439505,0.0,0.0,C1687217451,1950368.34,2323690.59,0,0
11,CASH_OUT,13841.07,C1766551424,0.0,0.0,C13639604,847851.98,593601.32,0,0
565,CASH_OUT,74886.26,C236146101,0.0,0.0,C125271557,565824.64,640710.9,0,0
131,PAYMENT,13461.62,C683012836,0.0,0.0,M1545584351,0.0,0.0,0,0
35,TRANSFER,331294.64,C1918237096,0.0,0.0,C2056066788,435867.82,767162.46,0,0
202,TRANSFER,530310.57,C754321261,51754.0,0.0,C1878541437,0.0,530310.57,0,0
361,CASH_IN,167386.48,C67406920,6466384.47,6633770.95,C1660792864,1021719.91,854333.43,0,0
38,PAYMENT,31447.64,C1495112964,51597.22,20149.58,M761514769,0.0,0.0,0,0
374,TRANSFER,729850.05,C1709942823,518733.0,0.0,C884705215,133217.91,863067.95,0,0
205,TRANSFER,622581.36,C1754695147,0.0,0.0,C1131584778,1312981.39,1935562.75,0,0
236,CASH_OUT,276907.06,C1646371459,1966.0,0.0,C276281897,668471.83,945378.89,0,0
345,CASH_OUT,184254.41,C988903815,0.0,0.0,C1347655907,4593147.24,4777401.65,0,0
35,CASH_OUT,282801.31,C740260267,35438.0,0.0,C1552047052,0.0,282801.31,0,0
141,CASH_OUT,84100.13,C369601645,127.0,0.0,C1684367488,381707.88,356599.38,0,0
12,CASH_OUT,86684.42,C767465815,10600.0,0.0,C1124597091,2535740.67,2622425.09,0,0
19,CASH_OUT,183779.63,C1443642687,0.0,0.0,C1157062321,273103.56,542506.3,0,0
261,PAYMENT,9495.85,C1371690360,120054.0,110558.15,M189447412,0.0,0.0,0,0
34,PAYMENT,19450.17,C379199736,115.0,0.0,M2061190025,0.0,0.0,0,0
19,CASH_OUT,130725.15,C362248219,62749.46,0.0,C169330666,1542919.44,1659654.98,0,0
12,PAYMENT,2495.88,C1507751137,0.0,0.0,M518017808,0.0,0.0,0,0
140,TRANSFER,473514.55,C607076742,0.0,0.0,C1285109483,510806.42,984320.97,0,0
16,TRANSFER,705006.65,C1598474396,0.0,0.0,C1702988817,1232145.83,1937152.48,0,0
211,CASH_OUT,128340.32,C142114533,10490.0,0.0,C932234023,1922416.06,2050756.38,0,0
259,CASH_OUT,127796.19,C2059789521,131647.0,3850.81,C143976251,0.0,127796.19,0,0
225,PAYMENT,45222.71,C1318183301,99240.59,54017.88,M1784342123,0.0,0.0,0,0
347,PAYMENT,6257.11,C972369106,11600.0,5342.89,M40750806,0.0,0.0,0,0
202,CASH_OUT,69162.73,C1526500278,0.0,0.0,C5087665,339163.52,408326.25,0,0
377,CASH_IN,64179.8,C926178457,14457.0,78636.8,C535531923,195433.16,131253.36,0,0
43,CASH_IN,668.09,C1759523045,15421293.57,15421961.66,C437951655,327687.15,327019.05,0,0
350,TRANSFER,226795.03,C2081959757,0.0,0.0,C9913371,2548995.06,2775790.09,0,0
500,TRANSFER,80269.13,C290466997,92263.0,11993.87,C35014971,748194.18,828463.31,0,0
235,PAYMENT,14490.86,C878647747,10818.94,0.0,M1566315611,0.0,0.0,0,0
439,TRANSFER,932345.31,C769864000,102906.14,0.0,C2070113319,11718011.76,12650357.07,0,0
17,CASH_OUT,115741.01,C1438398834,22716.0,0.0,C366702956,886057.93,1001798.94,0,0
42,CASH_IN,435.5,C1752858094,3770801.31,3771236.82,C487912293,37897.19,37461.69,0,0
308,CASH_OUT,37741.77,C1047599337,0.0,0.0,C1564413784,2742075.94,2779817.71,0,0
393,PAYMENT,4425.29,C514821686,0.0,0.0,M1464632680,0.0,0.0,0,0
599,CASH_IN,130239.5,C2059651954,83551.0,213790.5,C773696171,289200.57,158961.07,0,0
350,TRANSFER,2401474.0,C495346430,16364.0,0.0,C1907302111,320353.32,2721827.32,0,0
20,CASH_IN,419350.78,C1621687003,2517113.45,2936464.23,C2015289885,1273820.79,854470.01,0,0
236,CASH_OUT,168478.34,C630274397,130896.0,0.0,C1898191793,1618784.71,1787263.05,0,0
158,PAYMENT,7263.82,C2011257790,40527.0,33263.18,M321371425,0.0,0.0,0,0
393,CASH_OUT,200275.6,C950000344,26671.0,0.0,C791838631,2442835.12,2643110.72,0,0
178,PAYMENT,48381.07,C783406322,183472.45,135091.38,M1809044782,0.0,0.0,0,0
161,PAYMENT,9183.68,C1567165125,0.0,0.0,M1968850272,0.0,0.0,0,0
379,PAYMENT,21380.1,C1210496998,3003.0,0.0,M12641929,0.0,0.0,0,0
327,CASH_OUT,376103.42,C1803164946,1320.0,0.0,C2025515985,60308.44,436411.86,0,0
381,CASH_IN,88095.28,C960766416,112783.31,200878.59,C1314050709,2089700.47,2001605.19,0,0
261,CASH_OUT,335798.51,C1334794289,50782.52,0.0,C91446459,578700.61,914499.11,0,0
371,PAYMENT,2168.73,C150697451,522200.4,520031.66,M1784994512,0.0,0.0,0,0
538,CASH_IN,415139.46,C1397052000,25200.0,440339.46,C1343439653,113536.77,0.0,0,0
37,CASH_IN,598500.88,C1364179333,3671539.85,4270040.73,C25366193,831014.24,232513.36,0,0
9,TRANSFER,441922.44,C1360204997,0.0,0.0,C915177394,552754.28,994676.71,0,0
281,CASH_OUT,187184.71,C1907954682,140432.0,0.0,C543292296,0.0,187184.71,0,0
582,PAYMENT,5462.84,C936309982,74868.0,69405.16,M726876164,0.0,0.0,0,0
158,PAYMENT,18172.91,C670814765,193237.45,175064.54,M1587419009,0.0,0.0,0,0
188,CASH_IN,119170.76,C740484175,71368.0,190538.76,C256674477,48699.7,0.0,0,0
235,CASH_IN,34321.26,C426317957,16078738.58,16113059.84,C769680475,48179.38,13858.12,0,0
33,PAYMENT,14559.41,C1670388027,0.0,0.0,M1509710749,0.0,0.0,0,0
157,CASH_OUT,551613.56,C1427889692,107.0,0.0,C382162684,269285.44,820899.0,0,0
326,CASH_OUT,10861.17,C1225203291,0.0,0.0,C1025341440,215840.09,226701.26,0,0
249,PAYMENT,433.93,C1017267372,4091.0,3657.07,M2111336544,0.0,0.0,0,0
379,PAYMENT,5119.0,C1346262546,5967.0,848.0,M2038106613,0.0,0.0,0,0
355,PAYMENT,9302.98,C1999516511,0.0,0.0,M1280560727,0.0,0.0,0,0
131,CASH_IN,204645.37,C588525361,110.0,204755.37,C2128711207,516450.48,311805.11,0,0
307,PAYMENT,13824.32,C721839503,0.0,0.0,M795649447,0.0,0.0,0,0
190,CASH_IN,56505.19,C1323695468,1312726.39,1369231.59,C1059675065,1131470.89,1074965.69,0,0
228,TRANSFER,655052.05,C696531211,0.0,0.0,C987211121,2539091.27,3194143.32,0,0
19,CASH_OUT,251647.58,C355423226,0.0,0.0,C846326826,1375672.74,1627320.32,0,0
14,CASH_OUT,158434.17,C845558135,0.0,0.0,C1090333823,999926.39,1222306.94,0,0
34,CASH_IN,333798.8,C486330919,9256120.22,9589919.02,C659609085,11635361.0,11301562.2,0,0
280,CASH_IN,210325.33,C1298780548,4530207.18,4740532.51,C169581121,1152582.54,942257.21,0,0
135,CASH_IN,135540.93,C1789837441,3329931.32,3465472.25,C422387897,221113.92,85572.99,0,0
259,PAYMENT,730.85,C179301917,256752.74,256021.89,M1978065363,0.0,0.0,0,0
287,PAYMENT,21947.05,C1646630609,6032.0,0.0,M1336512564,0.0,0.0,0,0
43,CASH_OUT,56190.94,C2023958762,0.0,0.0,C421191772,1973741.21,2110209.19,0,0
358,TRANSFER,125922.24,C1920734919,77376.0,0.0,C1361687608,0.0,125922.24,0,0
36,TRANSFER,503678.43,C529575694,114093.0,0.0,C1334013457,122974.26,626652.7,0,0
370,CASH_IN,13512.46,C848898329,940633.04,954145.49,C744708435,19572553.98,19559041.53,0,0
309,PAYMENT,11302.74,C311963055,2024.0,0.0,M1672327228,0.0,0.0,0,0
403,CASH_OUT,301285.17,C821342058,27850.0,0.0,C1066872697,247600.52,548885.68,0,0
370,PAYMENT,5744.07,C946442759,625.0,0.0,M2070046279,0.0,0.0,0,0
259,CASH_IN,198213.87,C1357391540,282871.54,481085.42,C1527784952,314912.1,116698.23,0,0
355,PAYMENT,4513.72,C1480517913,289427.77,284914.05,M1173028606,0.0,0.0,0,0
17,CASH_IN,336515.72,C2094862259,92637.0,429152.72,C1450546672,870056.36,533540.65,0,0
235,CASH_OUT,2890.36,C1025381576,0.0,0.0,C1246454243,58865.2,61755.56,0,0
228,PAYMENT,19540.17,C14155976,26181.0,6640.83,M1799234946,0.0,0.0,0,0
37,PAYMENT,5486.0,C1422141758,483124.47,477638.47,M438013814,0.0,0.0,0,0
15,CASH_OUT,294966.71,C63105162,20432.0,0.0,C614113857,0.0,294966.71,0,0
301,CASH_OUT,133405.02,C1861065367,5039.0,0.0,C30751284,263786.73,397191.75,0,0
251,PAYMENT,36857.08,C1270494993,0.0,0.0,M1219309046,0.0,0.0,0,0
186,CASH_OUT,42205.66,C2045363489,0.0,0.0,C972715809,276178.16,318383.83,0,0
12,TRANSFER,1658259.67,C1545145242,0.0,0.0,C288197656,6026854.25,8542846.26,0,0
275,CASH_OUT,142809.8,C279411921,1197.0,0.0,C1720212666,12352.65,155162.45,0,0
18,TRANSFER,1419429.54,C184232153,0.0,0.0,C1175539896,2445524.61,3864954.16,0,0
161,PAYMENT,3307.05,C1601949226,0.0,0.0,M1577025680,0.0,0.0,0,0
330,CASH_IN,44095.06,C1022383449,2989771.61,3033866.67,C1339745512,6987167.91,6943072.85,0,0
139,CASH_OUT,205979.11,C1834732792,26723.04,0.0,C1701519711,294551.71,500530.82,0,0
299,TRANSFER,1809740.42,C583960644,19452.0,0.0,C394819429,251919.32,2061659.73,0,0
355,CASH_IN,57148.52,C1494824811,20953348.07,21010496.59,C509483114,217567.29,160418.77,0,0
186,CASH_OUT,131210.26,C1161866034,0.0,0.0,C1048638331,414855.14,546065.4,0,0
409,PAYMENT,6312.16,C1274966955,0.0,0.0,M1713189741,0.0,0.0,0,0
334,CASH_OUT,171078.71,C629539908,0.0,0.0,C584571253,2630904.23,2801982.94,0,0
211,CASH_IN,151265.79,C1512832462,115057.0,266322.79,C1721180587,0.0,0.0,0,0
371,PAYMENT,22376.11,C1436053124,0.0,0.0,M2002329952,0.0,0.0,0,0
393,CASH_OUT,11067.71,C151460838,22476.0,11408.29,C1507619965,0.0,11067.71,0,0
327,PAYMENT,23126.27,C1648963695,171992.52,148866.25,M1891929775,0.0,0.0,0,0
210,TRANSFER,1635787.31,C252230088,0.0,0.0,C602302290,2602120.89,4237908.2,0,0
214,PAYMENT,9101.2,C220063506,57240.0,48138.8,M50788702,0.0,0.0,0,0
528,CASH_OUT,272378.18,C1419451304,78432.29,0.0,C1133999867,3543026.76,3815404.94,0,0
322,CASH_OUT,358006.93,C72466984,12826.4,0.0,C1341844360,586568.77,944575.7,0,0
401,CASH_OUT,429487.98,C1386710152,0.0,0.0,C1593295633,2055050.91,2484538.89,0,0
347,CASH_IN,360208.44,C90912207,2465832.9,2826041.34,C1474596966,2709895.12,2349686.68,0,0
329,TRANSFER,16336.62,C502018281,0.0,0.0,C272132049,2282747.33,2299083.95,0,0
375,CASH_OUT,11619.81,C1561882381,0.0,0.0,C902644279,20232406.24,20244026.05,0,0
327,CASH_OUT,100739.78,C1400757450,0.0,0.0,C825339639,2795747.06,2896486.85,0,0
399,CASH_OUT,73854.0,C1715088584,41721.0,0.0,C1857379767,449582.51,523436.52,0,0
401,TRANSFER,477987.1,C1444159847,10417.0,0.0,C548940125,10089.93,488077.03,0,0
130,CASH_IN,87573.5,C2030188105,325716.0,413289.5,C1151989285,2581526.03,2493952.53,0,0
325,CASH_IN,274622.92,C1520565926,985.0,275607.92,C950454043,394879.44,120256.52,0,0
155,TRANSFER,733883.05,C432186164,0.0,0.0,C854159013,1625642.52,2359525.57,0,0
303,PAYMENT,8552.95,C2103077852,25048.0,16495.05,M1953528168,0.0,0.0,0,0
280,CASH_OUT,100145.12,C1094525921,0.0,0.0,C478086156,440854.13,540999.24,0,0
276,PAYMENT,9904.8,C570907491,25612.0,15707.2,M809248420,0.0,0.0,0,0
331,TRANSFER,93023.25,C572456943,0.0,0.0,C471811727,3400824.42,3493847.67,0,0
469,TRANSFER,517508.15,C557459881,137104.0,0.0,C679176470,103075.17,620583.32,0,0
260,CASH_OUT,121822.74,C867114350,81381.0,0.0,C1007112847,1698863.56,1820686.3,0,0
184,CASH_IN,179837.13,C310900690,6558621.54,6738458.67,C1188145688,5961321.34,5781484.21,0,0
322,CASH_IN,115415.46,C410147176,68872.0,184287.46,C2066789545,3188971.92,3073556.46,0,0
36,CASH_OUT,257846.92,C206899657,424186.0,166339.08,C371062893,43832.93,301679.86,0,0
188,CASH_OUT,82620.05,C334140009,103532.0,20911.95,C680058794,12465778.44,12548398.49,0,0
44,CASH_IN,144063.56,C71491335,5331969.83,5476033.39,C431196111,2438152.9,2294089.34,0,0
160,CASH_IN,301841.99,C868199171,322.0,302163.99,C102622035,171533.18,0.0,0,0
357,CASH_OUT,196154.83,C198929992,0.0,0.0,C1058901958,806529.37,1002684.2,0,0
573,CASH_OUT,192901.15,C815213089,286074.0,93172.85,C40012786,0.0,192901.15,0,0
230,PAYMENT,23808.37,C77736457,532363.91,508555.54,M521542680,0.0,0.0,0,0
402,CASH_OUT,153466.68,C1166128181,18096.0,0.0,C704690968,1552605.22,1706071.9,0,0
16,CASH_OUT,11097.67,C1516028915,303542.0,292444.33,C1079491260,1532266.31,1636883.75,0,0
260,PAYMENT,7509.8,C1337321358,229335.91,221826.11,M715442107,0.0,0.0,0,0
258,CASH_OUT,7549.26,C1833296115,0.0,0.0,C40118308,638483.69,646032.96,0,0
250,PAYMENT,27354.84,C1096102653,8050.0,0.0,M1077475256,0.0,0.0,0,0
329,CASH_OUT,107410.09,C1673884984,1014.0,0.0,C1804068834,1894.25,109304.34,0,0
140,CASH_OUT,5072.65,C1391516379,15240.0,10167.35,C142395886,2401712.45,2406785.11,0,0
10,CASH_OUT,402518.67,C1785344492,61392.0,0.0,C433115563,0.0,402518.67,0,0
12,CASH_IN,296929.5,C1302412199,304853.0,601782.5,C1956542244,210660.34,0.0,0,0
687,TRANSFER,118638.96,C160890689,4363.0,0.0,C422581702,1122.29,119761.25,0,0
378,CASH_IN,52015.46,C217849095,29930.0,81945.46,C1873225518,1726138.39,1674122.93,0,0
185,PAYMENT,17825.45,C1153976534,0.0,0.0,M940939632,0.0,0.0,0,0
544,CASH_OUT,50075.25,C394240941,0.0,0.0,C2066404584,1272235.68,1322310.93,0,0
155,TRANSFER,61707.0,C1341426830,0.0,0.0,C138188425,7270292.56,7331999.56,0,0
393,PAYMENT,17105.39,C699387987,0.0,0.0,M863622451,0.0,0.0,0,0
573,CASH_OUT,20140.4,C264564770,400.0,0.0,C1794607688,18064248.2,18084388.6,0,0
664,CASH_IN,368231.22,C535733262,226.0,368457.22,C1059468012,618774.13,250542.91,0,0
354,CASH_OUT,197708.1,C406721246,0.0,0.0,C848488269,324079.51,521787.61,0,0
187,TRANSFER,95661.84,C749416892,0.0,0.0,C1596645932,629069.63,724731.47,0,0
281,PAYMENT,3348.5,C1442080666,17210.49,13861.99,M312680783,0.0,0.0,0,0
249,PAYMENT,17232.26,C703236392,17546.56,314.3,M721785474,0.0,0.0,0,0
279,CASH_OUT,242684.79,C568497127,103184.12,0.0,C169982835,10115295.09,10357979.88,0,0
163,PAYMENT,8548.76,C211960157,21358.0,12809.24,M1530234511,0.0,0.0,0,0
227,CASH_OUT,51841.39,C967127386,8566.0,0.0,C1174496884,6614869.4,6666710.78,0,0
322,PAYMENT,28629.83,C1791184654,131.0,0.0,M1091570244,0.0,0.0,0,0
37,CASH_OUT,239687.87,C1090277492,0.0,0.0,C2003948215,1483027.72,1722715.6,0,0
207,CASH_IN,189342.77,C1347713120,8879.0,198221.77,C811970008,0.0,0.0,0,0
227,CASH_OUT,239387.62,C790318602,0.0,0.0,C946787738,1492104.74,1731492.37,0,0
329,CASH_IN,69134.35,C1251961011,141507.23,210641.57,C1941472250,755099.3,685964.95,0,0
132,TRANSFER,538035.34,C2098064898,0.0,0.0,C1323976391,2273713.53,2811748.88,0,0
350,PAYMENT,22073.13,C226347278,27678.0,5604.87,M1208468369,0.0,0.0,0,0
207,TRANSFER,399972.41,C905079535,0.0,0.0,C843467284,2948194.69,3348167.1,0,0
182,PAYMENT,10106.45,C852326384,685595.17,675488.71,M915747679,0.0,0.0,0,0
283,CASH_IN,56392.54,C1712347288,2943669.68,3000062.22,C1926474162,5136616.95,5080224.41,0,0
297,PAYMENT,76876.92,C1058529688,633.0,0.0,M1182817264,0.0,0.0,0,0
326,CASH_OUT,32778.92,C1071613307,0.0,0.0,C1404391737,2941335.8,2974114.71,0,0
402,CASH_IN,52157.62,C1784126068,2663147.68,2715305.31,C1654491143,9683637.76,9631480.14,0,0
349,PAYMENT,13965.69,C1164616441,0.0,0.0,M47447313,0.0,0.0,0,0
182,PAYMENT,12737.86,C51497193,21467.0,8729.14,M877872828,0.0,0.0,0,0
252,PAYMENT,29284.02,C1006674016,0.0,0.0,M1098289833,0.0,0.0,0,0
14,PAYMENT,5187.99,C1832421503,0.0,0.0,M2015261803,0.0,0.0,0,0
39,CASH_IN,276395.02,C729386520,51450.0,327845.02,C728617064,275629.09,248983.94,0,0
13,PAYMENT,3574.37,C1261378772,667512.36,663937.99,M1951431733,0.0,0.0,0,0
322,TRANSFER,2731052.87,C906806981,114248.4,0.0,C1086886165,8499648.23,11414914.24,0,0
215,CASH_OUT,52313.36,C1458998615,0.0,0.0,C428691311,8128577.33,8180890.69,0,0
181,PAYMENT,3692.73,C1443189968,8867.84,5175.12,M460164352,0.0,0.0,0,0
139,PAYMENT,14644.09,C1059099069,670217.64,655573.55,M141146411,0.0,0.0,0,0
305,CASH_IN,473861.62,C1433082124,687.0,474548.62,C459377732,161180.29,0.0,0,0
138,CASH_IN,390090.61,C1760401443,28756.0,418846.61,C844307973,0.0,0.0,0,0
234,CASH_OUT,205940.77,C540799133,60296.0,0.0,C1074313369,393557.47,599498.23,0,0
131,CASH_OUT,27275.77,C1942445584,7019.0,0.0,C1607931050,564382.46,843355.82,0,0
129,CASH_OUT,328234.58,C1997142203,53807.0,0.0,C788718840,63284.85,391519.43,0,0
189,CASH_IN,103886.78,C1092393942,577175.42,681062.2,C1754974710,652665.26,548778.47,0,0
209,PAYMENT,5266.1,C1061320429,0.0,0.0,M1389204523,0.0,0.0,0,0
212,CASH_OUT,135737.87,C765439499,29713.0,0.0,C1762245165,6252398.57,6388136.44,0,0
184,CASH_IN,302245.84,C186730377,8150.0,310395.84,C140036028,0.0,0.0,0,0
208,PAYMENT,9500.73,C1277921996,16548.31,7047.58,M766111372,0.0,0.0,0,0
130,TRANSFER,54329.45,C1360555573,0.0,0.0,C872232178,1948915.36,1918125.21,0,0
400,CASH_OUT,94776.49,C1217201001,0.0,0.0,C1826072454,364763.18,459539.67,0,0
161,CASH_OUT,167900.87,C374461879,0.0,0.0,C1256950994,419004.39,586905.26,0,0
236,PAYMENT,20694.71,C1575958077,122301.0,101606.29,M1172012012,0.0,0.0,0,0
47,PAYMENT,7303.09,C1494164344,94034.0,86730.91,M1348790987,0.0,0.0,0,0
185,CASH_OUT,49182.0,C696202952,0.0,0.0,C1925494849,188928.69,238110.69,0,0
34,CASH_OUT,69353.86,C1596130787,0.0,0.0,C681101640,6798525.3,6867879.15,0,0
378,CASH_OUT,120745.16,C547217065,0.0,0.0,C2141726626,403189.31,523934.47,0,0
347,CASH_OUT,298501.79,C1560630511,561131.0,262629.21,C711758277,967128.71,1265630.5,0,0
178,PAYMENT,19868.02,C1408080830,161742.55,141874.53,M62104774,0.0,0.0,0,0
252,PAYMENT,29362.55,C558517640,0.0,0.0,M534927596,0.0,0.0,0,0
261,TRANSFER,292814.91,C2023091258,0.0,0.0,C16244452,593421.87,886236.78,0,0
121,PAYMENT,13221.23,C1933541352,48651.71,35430.48,M726328092,0.0,0.0,0,0
154,CASH_IN,176066.49,C981164011,30829.0,206895.49,C1974894406,38028.69,0.0,0,0
166,PAYMENT,3547.11,C112018454,0.0,0.0,M171238215,0.0,0.0,0,0
329,CASH_OUT,374807.08,C1565923966,0.0,0.0,C441802062,25606164.52,25980971.6,0,0
239,TRANSFER,118213.65,C1520918545,25053.0,0.0,C605355587,0.0,118213.65,0,0
138,PAYMENT,11439.1,C1595509141,100527.0,89087.9,M697791446,0.0,0.0,0,0
257,PAYMENT,3037.88,C1560394973,62263.28,59225.4,M1777609282,0.0,0.0,0,0
184,CASH_IN,252067.34,C650225219,11103.0,263170.34,C1169179733,903584.45,651517.11,0,0
17,PAYMENT,3204.78,C1633671001,129445.21,126240.43,M1768584835,0.0,0.0,0,0
259,CASH_IN,7448.02,C1214572948,292.0,7740.02,C1280944037,248538.55,241090.52,0,0
276,TRANSFER,960782.89,C160053528,0.0,0.0,C105055950,4031388.08,4992170.97,0,0
230,PAYMENT,6417.23,C508640255,54452.22,48034.99,M924954124,0.0,0.0,0,0
162,CASH_OUT,31878.76,C400911831,10953.0,0.0,C1463064121,0.0,31878.76,0,0
383,TRANSFER,344436.84,C959221166,160.0,0.0,C732883060,836384.09,1180820.93,0,0
369,CASH_OUT,328485.91,C254892704,0.0,0.0,C1097904194,499498.46,827984.38,0,0
234,PAYMENT,18865.09,C1005907774,529716.77,510851.67,M1118889496,0.0,0.0,0,0
372,PAYMENT,6161.51,C1338074576,0.0,0.0,M1418130245,0.0,0.0,0,0
43,CASH_OUT,531869.14,C1088035625,0.0,0.0,C982759055,3270344.14,3802213.28,0,0
45,CASH_IN,285880.78,C1711040731,8682815.61,8968696.39,C443281365,504890.27,219009.49,0,0
261,CASH_IN,131673.76,C565949473,305834.0,437507.76,C1798917187,685849.64,554175.88,0,0
255,PAYMENT,10591.41,C1692711952,0.0,0.0,M1307315892,0.0,0.0,0,0
10,CASH_OUT,239552.64,C1974162368,274.0,0.0,C1398917188,92780.56,0.0,0,0
14,PAYMENT,1387.77,C419329653,13536.04,12148.27,M85554307,0.0,0.0,0,0
405,CASH_OUT,152466.21,C857483627,238187.0,85720.79,C958808861,113023.76,265489.97,0,0
301,CASH_IN,613090.5,C1822187998,178970.0,792060.5,C1809019802,113365.03,0.0,0,0
323,CASH_OUT,114258.61,C1754331208,527546.0,413287.39,C148267310,2333100.54,2447359.15,0,0
307,CASH_OUT,20579.5,C1468725374,6729.0,0.0,C1727094978,0.0,20579.5,0,0
375,CASH_OUT,98623.28,C1205492044,0.0,0.0,C267157796,621752.75,720376.03,0,0
38,CASH_OUT,184033.67,C592421072,122044.73,0.0,C1243712710,2604334.23,2788367.9,0,0
160,TRANSFER,1588410.8,C1965499059,0.0,0.0,C308018288,2042356.07,3630766.87,0,0
371,TRANSFER,986499.91,C706741200,0.0,0.0,C2100933380,1262775.11,2249275.02,0,0
377,CASH_OUT,472950.37,C1742350239,0.0,0.0,C1467089106,5433604.41,5906554.78,0,0
356,CASH_OUT,53848.5,C1079559998,11551.0,0.0,C1909504164,5328424.49,5382272.99,0,0
134,PAYMENT,14539.66,C696634806,0.0,0.0,M1260270642,0.0,0.0,0,0
204,CASH_OUT,81121.32,C947501611,0.0,0.0,C811465240,4670840.79,4751962.11,0,0
8,CASH_OUT,63809.56,C1425958043,0.0,0.0,C555334025,72786.24,244296.2,0,0
10,PAYMENT,27005.45,C648412342,1543331.84,1516326.39,M1953039453,0.0,0.0,0,0
188,PAYMENT,8304.03,C1161207791,0.0,0.0,M1316605831,0.0,0.0,0,0
279,CASH_OUT,101883.22,C1981014823,0.0,0.0,C687720697,175309.26,277192.48,0,0
210,PAYMENT,2726.17,C1588836853,0.0,0.0,M1000073152,0.0,0.0,0,0
324,CASH_IN,156620.78,C1255938772,99800.0,256420.78,C127079081,0.0,0.0,0,0
261,CASH_IN,233785.38,C1144739306,160279.0,394064.38,C27642108,3026936.33,2793150.95,0,0
280,CASH_IN,40331.47,C905231682,2850641.31,2890972.79,C433873135,325266.71,284935.24,0,0
215,TRANSFER,1255990.49,C520726625,115655.0,0.0,C780967910,121208.47,1377198.96,0,0
44,PAYMENT,18694.78,C19579594,56907.27,38212.49,M1465548709,0.0,0.0,0,0
608,CASH_OUT,507613.46,C502191526,0.0,0.0,C562838208,1921081.5,2428694.97,0,0
232,CASH_OUT,355125.16,C1137994400,49087.0,0.0,C361337572,317891.9,673017.06,0,0
225,CASH_OUT,539643.44,C1650556046,0.0,0.0,C479713830,915835.18,1665632.53,0,0
256,CASH_IN,44635.26,C365131531,8287836.38,8332471.64,C1460404793,3130631.9,3085996.64,0,0
351,PAYMENT,8175.9,C611075228,69876.0,61700.1,M716567734,0.0,0.0,0,0
323,PAYMENT,72876.19,C960683480,186974.56,114098.37,M89032366,0.0,0.0,0,0
8,CASH_IN,61835.33,C1842199104,131756.18,193591.5,C1065251495,0.0,0.0,0,0
403,PAYMENT,389.17,C831212840,0.0,0.0,M2114330716,0.0,0.0,0,0
232,CASH_IN,116612.71,C1011884941,26803756.21,26920368.92,C1825792855,307589.72,190977.01,0,0
159,CASH_OUT,144139.43,C107359883,0.0,0.0,C2141148530,372765.54,516904.97,0,0
351,PAYMENT,787.4,C207183082,0.0,0.0,M101265235,0.0,0.0,0,0
202,TRANSFER,78589.58,C1184977790,0.0,0.0,C372087870,470836.51,549426.09,0,0
144,CASH_OUT,289863.28,C1133638622,0.0,0.0,C1633587807,1247392.59,1537255.87,0,0
207,CASH_IN,44171.33,C501852515,5821864.31,5866035.64,C539260447,321903.09,277731.76,0,0
250,CASH_OUT,71228.91,C703043895,0.0,0.0,C1227512728,1518231.82,1589460.73,0,0
187,PAYMENT,5061.39,C389690296,73830.0,68768.61,M260642920,0.0,0.0,0,0
250,PAYMENT,7078.74,C1411036056,0.0,0.0,M1895544798,0.0,0.0,0,0
17,CASH_OUT,88210.87,C1269070368,0.0,0.0,C896680907,187401.89,275612.76,0,0
39,CASH_IN,181996.74,C477600021,9643266.91,9825263.65,C2066544840,1235040.82,1053044.08,0,0
41,CASH_IN,223166.99,C283797083,20504.0,243670.99,C540974644,109826.64,0.0,0,0
206,CASH_OUT,440453.57,C1238864196,100564.0,0.0,C1892964468,344532.04,784985.6,0,0
274,CASH_OUT,15581.93,C1485898705,29807.0,14225.07,C632705532,149496.68,165078.61,0,0
308,PAYMENT,20766.13,C1474272730,26642.0,5875.87,M931591824,0.0,0.0,0,0
38,CASH_OUT,309148.27,C292569073,1112.0,0.0,C1400894891,922164.97,1231313.24,0,0
9,CASH_IN,179440.7,C2061989981,27142.0,206582.7,C1203172736,422463.52,199384.23,0,0
492,PAYMENT,14511.55,C1655640548,51411.94,36900.39,M1952197649,0.0,0.0,0,0
8,PAYMENT,8025.3,C504603956,193.0,0.0,M917858806,0.0,0.0,0,0
303,CASH_OUT,98633.04,C913648045,17506.0,0.0,C1063572644,0.0,98633.04,0,0
229,CASH_OUT,13636.23,C1129279823,0.0,0.0,C2133122842,3375896.64,3578829.06,0,0
589,CASH_IN,20728.07,C471696163,2813613.95,2834342.01,C380977716,72950.43,52222.36,0,0
14,CASH_OUT,115907.68,C869813669,0.0,0.0,C174089578,873487.44,1949411.54,0,0
304,TRANSFER,6325772.18,C197502413,0.0,0.0,C2112688314,30000000.0,36325772.18,0,0
407,PAYMENT,14275.94,C192671426,171142.0,156866.06,M654085057,0.0,0.0,0,0
44,CASH_OUT,58381.94,C152818189,9054.0,0.0,C877891130,213918.17,272300.1,0,0
212,PAYMENT,917.35,C1616332787,49578.0,48660.65,M1912726713,0.0,0.0,0,0
165,PAYMENT,4619.19,C1783754416,55120.0,50500.81,M965602959,0.0,0.0,0,0
305,PAYMENT,21577.84,C1684574506,277106.92,255529.08,M891101823,0.0,0.0,0,0
255,CASH_IN,159462.72,C358883796,51154.0,210616.72,C1298878184,153230.98,0.0,0,0
332,PAYMENT,11380.5,C1715233059,52102.0,40721.5,M616957931,0.0,0.0,0,0
156,CASH_OUT,100965.39,C1084695218,104019.0,3053.61,C940333908,427511.02,241925.26,0,0
357,PAYMENT,1772.92,C1043853729,17815.0,16042.08,M1579610937,0.0,0.0,0,0
143,CASH_IN,306932.14,C1417751024,9359428.5,9666360.64,C1030781919,3402710.55,3095778.41,0,0
138,PAYMENT,19171.35,C1182097262,79239.0,60067.65,M1176689959,0.0,0.0,0,0
283,PAYMENT,4060.87,C515241513,24909.7,20848.83,M1325433588,0.0,0.0,0,0
398,CASH_IN,352932.55,C487897316,2448595.9,2801528.44,C1109684118,3918473.19,3565540.65,0,0
12,PAYMENT,8890.06,C1926082154,0.0,0.0,M115678880,0.0,0.0,0,0
331,PAYMENT,14543.48,C227353552,19976.0,5432.52,M72041722,0.0,0.0,0,0
180,TRANSFER,26.88,C527659339,0.0,0.0,C1136149850,2340931.59,2340958.47,0,0
301,PAYMENT,51513.62,C1309878809,680117.0,628603.38,M1606546465,0.0,0.0,0,0
303,CASH_OUT,92242.32,C521738030,21509.0,0.0,C787182258,575969.53,668211.85,0,0
187,CASH_OUT,68669.04,C1346666103,0.0,0.0,C1558279068,5001757.21,5070426.26,0,0
155,PAYMENT,3428.83,C461016237,10254.0,6825.17,M1198994389,0.0,0.0,0,0
259,PAYMENT,9725.3,C1996369060,693897.06,684171.75,M1627940312,0.0,0.0,0,0
178,TRANSFER,2521972.46,C387783071,0.0,0.0,C873287880,2681694.97,5203667.43,0,0
42,CASH_OUT,194149.8,C993311710,0.0,0.0,C360991217,451859.56,646009.36,0,0
156,CASH_OUT,118034.09,C91203238,12048.0,0.0,C162003478,0.0,118034.09,0,0
163,PAYMENT,3094.15,C152173161,2523.0,0.0,M563807930,0.0,0.0,0,0
347,CASH_OUT,226556.88,C860243513,21177.0,0.0,C365251968,255392.14,481949.02,0,0
352,CASH_IN,47762.15,C1941146235,11283620.53,11331382.68,C325378081,38190271.6,38142509.45,0,0
19,CASH_IN,142685.22,C416175099,3162048.38,3304733.6,C132417426,323505.57,180820.35,0,0
236,CASH_IN,118588.35,C753681092,7283338.6,7401926.95,C542385724,1267294.15,1148705.8,0,0
273,TRANSFER,117040.99,C637113497,0.0,0.0,C344320986,933628.07,1050669.07,0,0
250,CASH_OUT,630195.82,C1233494120,0.0,0.0,C711727006,3166055.3,3796251.12,0,0
397,PAYMENT,10000.46,C257448148,137.0,0.0,M430341040,0.0,0.0,0,0
203,CASH_OUT,62842.13,C558836448,0.0,0.0,C1155226689,1824929.6,1887771.73,0,0
352,PAYMENT,27846.69,C1639791186,21816.0,0.0,M1620330704,0.0,0.0,0,0
158,CASH_IN,135307.91,C485315805,746730.21,882038.12,C1880366915,214488.96,79181.05,0,0
184,PAYMENT,17449.19,C1578009418,0.0,0.0,M1198469807,0.0,0.0,0,0
141,PAYMENT,4994.22,C2082235060,236.0,0.0,M789636856,0.0,0.0,0,0
325,PAYMENT,6828.58,C688415325,0.0,0.0,M1601802054,0.0,0.0,0,0
205,TRANSFER,298792.05,C1322205409,0.0,0.0,C167582960,1479043.46,1777835.51,0,0
252,CASH_OUT,67586.54,C321269826,92091.0,24504.46,C1119537297,0.0,67586.54,0,0
38,PAYMENT,17549.06,C2033922160,818.0,0.0,M16488099,0.0,0.0,0,0
227,CASH_IN,50258.82,C955332072,15537.0,65795.82,C692362108,1918625.12,1868366.31,0,0
161,CASH_OUT,211233.67,C1192258159,18887.0,0.0,C1670216475,549852.38,761086.06,0,0
212,CASH_OUT,20870.18,C434484545,0.0,0.0,C1005247918,123571.41,144441.59,0,0
186,CASH_OUT,4283.45,C1781049748,150363.0,146079.55,C440225172,1074091.68,1078375.13,0,0
322,CASH_OUT,75044.42,C163033108,0.0,0.0,C1946438863,1154382.41,1229426.83,0,0
321,PAYMENT,15781.66,C1778424022,0.0,0.0,M1680670342,0.0,0.0,0,0
228,PAYMENT,22332.17,C1459717967,82814.16,60481.99,M191457789,0.0,0.0,0,0
321,PAYMENT,32088.45,C1369771785,0.0,0.0,M596578335,0.0,0.0,0,0
354,CASH_OUT,212813.35,C1342037984,467450.0,254636.65,C186396910,162676.93,375490.28,0,0
229,CASH_IN,207921.22,C1662834210,1343206.79,1551128.01,C794893766,307240.69,99319.47,0,0
524,CASH_IN,145498.77,C1014535302,5661091.43,5806590.2,C1804405334,911251.41,765752.65,0,0
347,PAYMENT,52505.51,C160044475,0.0,0.0,M40657917,0.0,0.0,0,0
377,PAYMENT,3364.01,C1537908774,0.0,0.0,M1674121852,0.0,0.0,0,0
142,PAYMENT,404.5,C1878725127,0.0,0.0,M55712830,0.0,0.0,0,0
179,PAYMENT,3483.02,C394899606,0.0,0.0,M1432083119,0.0,0.0,0,0
321,CASH_OUT,135976.29,C1935442373,167510.89,31534.6,C108698159,347285.33,483261.62,0,0
16,CASH_IN,154954.05,C1950069483,1328902.0,1483856.06,C869030806,1325048.86,1122510.86,0,0
282,PAYMENT,2361.57,C112931195,0.0,0.0,M561223019,0.0,0.0,0,0
130,CASH_IN,4353.96,C1896851100,14477.0,18830.96,C1395459904,517293.3,512939.34,0,0
182,TRANSFER,728278.83,C1657443955,348560.71,0.0,C312660270,3206660.31,3934939.14,0,0
358,PAYMENT,24247.05,C1983197017,330.0,0.0,M2052163682,0.0,0.0,0,0
14,CASH_IN,100074.12,C161073071,50390.0,150464.12,C2055104818,101730.0,0.0,0,0
182,PAYMENT,6360.29,C1944850775,14158.0,7797.71,M567488448,0.0,0.0,0,0
181,CASH_IN,49517.77,C2053379278,6958589.98,7008107.75,C1997477207,50267.25,749.48,0,0
380,PAYMENT,23804.81,C1959020237,0.0,0.0,M516816225,0.0,0.0,0,0
330,TRANSFER,165228.08,C1905953050,0.0,0.0,C1860138331,19853706.7,20018934.78,0,0
187,PAYMENT,3336.88,C294944341,0.0,0.0,M249288517,0.0,0.0,0,0
130,CASH_OUT,49423.12,C1647042957,245294.38,195871.26,C869042425,176988.55,226411.67,0,0
285,CASH_IN,69282.1,C20175057,7703711.88,7772993.97,C621154105,200653.52,131371.42,0,0
399,TRANSFER,542726.14,C1923467200,0.0,0.0,C1049005898,777927.1,1320653.25,0,0
285,PAYMENT,2674.72,C1911825869,0.0,0.0,M1487261756,0.0,0.0,0,0
235,CASH_OUT,78218.91,C1440327334,647.0,0.0,C1342505245,2211187.82,2289406.72,0,0
683,CASH_IN,100000.6,C430619303,911203.53,1011204.13,C279319573,853915.71,753915.11,0,0
43,PAYMENT,924.58,C2064115136,40573.0,39648.42,M1406558701,0.0,0.0,0,0
380,CASH_IN,8895.86,C987038542,18415.0,27310.86,C674568784,0.0,0.0,0,0
298,PAYMENT,19675.42,C658951642,0.0,0.0,M1032255242,0.0,0.0,0,0
359,PAYMENT,1876.81,C2045567273,69090.0,67213.19,M1507865251,0.0,0.0,0,0
136,PAYMENT,59942.5,C303476251,487987.07,428044.57,M1059435891,0.0,0.0,0,0
187,CASH_IN,359595.06,C1159234744,354036.0,713631.06,C1481721112,103816.27,0.0,0,0
300,PAYMENT,27338.24,C1678171606,813.0,0.0,M1805206720,0.0,0.0,0,0
229,CASH_OUT,442488.79,C1102585895,99472.0,0.0,C693791324,5552185.75,5994674.54,0,0
40,PAYMENT,26202.11,C1246994355,12818.91,0.0,M862322106,0.0,0.0,0,0
212,PAYMENT,4670.66,C1364857175,39582.0,34911.34,M244302792,0.0,0.0,0,0
393,CASH_OUT,367034.25,C697959756,0.0,0.0,C1907418868,1815324.48,2182358.73,0,0
358,CASH_IN,198419.31,C1562122246,6720269.18,6918688.5,C1646054179,2016678.42,1818259.11,0,0
490,PAYMENT,31072.07,C1110269668,10277.0,0.0,M617686172,0.0,0.0,0,0
253,PAYMENT,20089.7,C489226572,0.0,0.0,M1609119002,0.0,0.0,0,0
130,PAYMENT,20564.97,C1618237399,11277.0,0.0,M1421533595,0.0,0.0,0,0
43,PAYMENT,1606.59,C1548766998,405119.91,403513.32,M1449447963,0.0,0.0,0,0
550,CASH_OUT,187315.71,C2089021038,0.0,0.0,C334417960,1082910.02,1270225.72,0,0
640,CASH_IN,77961.32,C1193064263,8316172.22,8394133.55,C1705721184,2006790.29,1928828.97,0,0
14,TRANSFER,475232.26,C922588223,0.0,0.0,C991505714,18513655.36,19066831.73,0,0
254,CASH_IN,99234.72,C1608994951,581502.78,680737.5,C982792002,4524910.65,4425675.93,0,0
212,TRANSFER,109970.07,C1951789055,0.0,0.0,C1789404266,1634949.41,1744919.48,0,0
139,CASH_OUT,495232.89,C2090272753,21892.0,0.0,C754555473,2629540.58,3124773.47,0,0
298,CASH_OUT,654105.92,C717203638,2772.0,0.0,C1738549991,0.0,654105.92,0,0
517,CASH_OUT,221346.93,C1871285850,790.0,0.0,C1952592831,1165752.59,1387099.52,0,0
18,CASH_OUT,169168.23,C1388142888,23025.0,0.0,C221745814,347224.19,583999.57,0,0
162,PAYMENT,5159.29,C1069520761,0.0,0.0,M742140218,0.0,0.0,0,0
133,PAYMENT,39525.98,C1407833474,1121.0,0.0,M1727513098,0.0,0.0,0,0
240,PAYMENT,7437.01,C2127487644,5066.0,0.0,M1045873087,0.0,0.0,0,0
45,CASH_OUT,400685.32,C1178907546,0.0,0.0,C1433578344,1230704.29,1631389.61,0,0
284,CASH_IN,79403.51,C308356557,20254.0,99657.51,C479681617,148048.47,68644.96,0,0
157,CASH_OUT,136836.19,C638919258,328670.0,191833.81,C387030930,2800.26,139636.44,0,0
333,CASH_IN,142784.31,C537274022,80189.0,222973.31,C1561477708,0.0,0.0,0,0
180,CASH_OUT,208907.6,C53704482,0.0,0.0,C844898840,242814.92,451722.52,0,0
346,CASH_OUT,183198.37,C1325804177,0.0,0.0,C2129651802,1843270.49,2026468.87,0,0
402,DEBIT,3612.02,C706023338,2050.0,0.0,C496390002,177753.15,181365.17,0,0
40,PAYMENT,2647.69,C1948898174,0.0,0.0,M1962547922,0.0,0.0,0,0
164,CASH_OUT,538.48,C1926801653,9340.0,8801.52,C1422182256,0.0,538.48,0,0
165,PAYMENT,14995.7,C272510194,0.0,0.0,M1970417405,0.0,0.0,0,0
161,PAYMENT,2107.57,C285278709,0.0,0.0,M3248939,0.0,0.0,0,0
278,PAYMENT,4185.08,C1818145290,0.0,0.0,M751918483,0.0,0.0,0,0
285,PAYMENT,32097.67,C1149081003,626838.1,594740.43,M1488977448,0.0,0.0,0,0
253,CASH_IN,272226.79,C725778670,14009493.92,14281720.72,C228043751,655879.09,383652.3,0,0
402,PAYMENT,20587.34,C1033417592,381286.32,360698.97,M1758898939,0.0,0.0,0,0
684,CASH_IN,237628.75,C855745537,62147.1,299775.85,C2027960384,1393838.49,1156209.74,0,0
308,CASH_OUT,3720.81,C1346381905,168.0,0.0,C1026825610,0.0,3720.81,0,0
158,PAYMENT,1863.58,C1321299206,0.0,0.0,M1246801572,0.0,0.0,0,0
189,PAYMENT,5042.44,C956280485,11111.6,6069.15,M1655989840,0.0,0.0,0,0
177,CASH_OUT,479126.32,C1379094850,7611.91,0.0,C201210119,1906808.44,2385934.76,0,0
139,CASH_IN,283500.17,C109718573,295.0,283795.17,C2009000961,0.0,0.0,0,0
158,CASH_IN,281309.57,C1729801877,3383984.25,3665293.82,C203678399,705183.53,423873.96,0,0
451,CASH_OUT,28537.85,C1459275357,119284.0,90746.15,C1733684926,0.0,28537.85,0,0
230,PAYMENT,4762.96,C540627876,24678.73,19915.77,M292290783,0.0,0.0,0,0
253,CASH_OUT,29335.59,C1694224743,4516.0,0.0,C1051455514,0.0,29335.59,0,0
255,PAYMENT,4627.35,C411217412,482040.94,477413.59,M786550665,0.0,0.0,0,0
11,CASH_OUT,289009.95,C932050466,0.0,0.0,C1749644145,989250.43,1233807.04,0,0
353,CASH_OUT,504648.94,C682560265,52705.0,0.0,C202045107,0.0,504648.94,0,0
37,CASH_OUT,282530.53,C1135314658,210231.0,0.0,C257065944,5196346.26,5478876.79,0,0
202,PAYMENT,4045.62,C1411417975,0.0,0.0,M564406069,0.0,0.0,0,0
140,CASH_OUT,200041.29,C1674107133,0.0,0.0,C209477248,469006.18,669047.46,0,0
163,CASH_OUT,4292.43,C254077341,10618.0,6325.57,C1091912977,4814907.96,4819200.39,0,0
355,PAYMENT,550.99,C1268165159,0.0,0.0,M1401864678,0.0,0.0,0,0
15,PAYMENT,595.88,C924947574,0.0,0.0,M681015455,0.0,0.0,0,0
304,CASH_IN,1754.09,C609510390,0.0,1754.09,C1148435881,2203685.47,2201931.38,0,0
207,CASH_OUT,213834.17,C1255764105,0.0,0.0,C1171514476,698750.68,912584.85,0,0
406,TRANSFER,595051.5,C995125207,0.0,0.0,C381746852,3137287.5,3732339.0,0,0
545,CASH_OUT,53721.57,C969785708,0.0,0.0,C852663160,73662.0,127383.58,0,0
372,PAYMENT,4711.71,C1553318490,0.0,0.0,M1055199677,0.0,0.0,0,0
356,TRANSFER,6894.16,C2064540789,6959.56,65.4,C732697563,3524398.84,3531293.0,0,0
717,PAYMENT,4263.18,C1303888968,9431.0,5167.82,M1462419541,0.0,0.0,0,0
232,PAYMENT,7517.61,C281143965,30909.0,23391.39,M768126253,0.0,0.0,0,0
306,PAYMENT,18309.41,C873309052,21179.0,2869.59,M1125752663,0.0,0.0,0,0
307,PAYMENT,5447.23,C1163141160,0.0,0.0,M846920511,0.0,0.0,0,0
684,CASH_IN,262615.65,C1465951824,67251.0,329866.65,C387695782,410490.26,147874.61,0,0
136,PAYMENT,25730.72,C1608439042,33992.0,8261.28,M2146201785,0.0,0.0,0,0
404,PAYMENT,7160.12,C1851850832,0.0,0.0,M1506623401,0.0,0.0,0,0
251,CASH_OUT,189177.18,C920235132,0.0,0.0,C198095204,835976.89,1025154.07,0,0
540,CASH_OUT,130738.43,C1465776953,0.0,0.0,C96973426,308438.68,439177.11,0,0
40,CASH_IN,180846.96,C1147786679,15113798.71,15294645.66,C1050684754,243171.78,62324.82,0,0
159,CASH_OUT,126229.04,C228588250,50871.0,0.0,C791679020,235296.63,361525.67,0,0
404,CASH_OUT,395.6,C722555202,34732.0,34336.4,C943468526,1688330.35,1688725.94,0,0
42,PAYMENT,4358.25,C1642129454,102708.71,98350.46,M1393208907,0.0,0.0,0,0
38,CASH_OUT,16475.94,C1250606414,8580.0,0.0,C1725524580,92612.36,109088.29,0,0
12,CASH_OUT,381568.07,C1666942749,2175.0,0.0,C2075598173,315326.09,696894.16,0,0
185,PAYMENT,29229.75,C45949149,0.0,0.0,M1888428570,0.0,0.0,0,0
10,CASH_IN,128427.89,C618651292,1759241.66,1887669.55,C1859208558,0.0,0.0,0,0
301,CASH_IN,433869.8,C1559654647,2692670.3,3126540.09,C1338944933,1192973.8,759104.0,0,0
398,CASH_OUT,176290.64,C1040202609,0.0,0.0,C749575776,820289.87,996580.51,0,0
406,CASH_IN,48665.88,C1196404156,8020934.05,8069599.93,C614096934,26160478.58,26111812.7,0,0
163,TRANSFER,42664.33,C81213443,0.0,0.0,C1759409308,366283.67,408948.0,0,0
165,CASH_OUT,6653.54,C1802859326,25240.0,18586.46,C1572236223,0.0,6653.54,0,0
38,CASH_OUT,42961.31,C1987550989,0.0,0.0,C478536976,211106.94,254068.25,0,0
259,CASH_OUT,60652.69,C1200023048,10926.0,0.0,C1438274197,0.0,60652.69,0,0
402,PAYMENT,12977.2,C1843276978,0.0,0.0,M1600088273,0.0,0.0,0,0
353,CASH_OUT,260707.86,C1977168795,0.0,0.0,C1634566871,4194238.44,4454946.3,0,0
525,PAYMENT,36714.3,C995326996,305569.0,268854.7,M1809273653,0.0,0.0,0,0
13,PAYMENT,38581.29,C1387277499,48201.0,9619.71,M1697798091,0.0,0.0,0,0
370,PAYMENT,20274.69,C1920556438,23860.0,3585.31,M986144351,0.0,0.0,0,0
16,CASH_OUT,31056.48,C1044623950,39615.0,8558.52,C1151407025,0.0,31056.48,0,0
332,PAYMENT,17379.4,C1765124968,10054.0,0.0,M918230284,0.0,0.0,0,0
211,PAYMENT,15978.45,C363977944,0.0,0.0,M619976910,0.0,0.0,0,0
142,CASH_OUT,255075.38,C665029862,0.0,0.0,C142211154,9565236.61,9820311.99,0,0
153,PAYMENT,4659.72,C660626285,0.0,0.0,M1027926194,0.0,0.0,0,0
351,CASH_OUT,199426.47,C486557666,0.0,0.0,C1328551841,3411020.46,3610446.93,0,0
307,CASH_OUT,88819.1,C708830455,0.0,0.0,C1636732184,367965.16,456784.26,0,0
259,CASH_IN,81579.81,C1139883842,9398724.88,9480304.69,C1818148181,360163.36,278583.54,0,0
299,CASH_IN,64887.11,C716481291,6907999.57,6972886.69,C1316132736,345520.81,280633.69,0,0
180,CASH_OUT,200405.87,C795372782,146030.0,0.0,C515355206,0.0,200405.87,0,0
34,PAYMENT,32004.41,C1728981045,20916.0,0.0,M2018029762,0.0,0.0,0,0
187,CASH_OUT,68636.17,C578743556,0.0,0.0,C1748123467,83808.18,152444.36,0,0
19,CASH_IN,81297.15,C90414209,470317.48,551614.63,C249914491,94980.69,13683.53,0,0
154,CASH_IN,107383.21,C458895377,1090242.63,1197625.83,C2146009223,411666.7,304283.49,0,0
325,PAYMENT,13947.36,C436304068,0.0,0.0,M1299158981,0.0,0.0,0,0
34,CASH_IN,65736.88,C1476456725,1645.0,67381.88,C1041505921,88334.0,22597.12,0,0
235,CASH_IN,349206.44,C130696877,21398032.39,21747238.83,C2027339448,1582690.01,1233483.56,0,0
375,PAYMENT,9110.86,C161444976,0.0,0.0,M46884915,0.0,0.0,0,0
288,PAYMENT,53071.82,C909472777,123089.0,70017.18,M1183721888,0.0,0.0,0,0
159,CASH_IN,18441.52,C2140961956,49360.0,67801.52,C1384846398,1095830.02,1077388.5,0,0
21,PAYMENT,19834.96,C680324987,339654.0,319819.04,M941740699,0.0,0.0,0,0
203,CASH_OUT,149370.48,C2005606185,0.0,0.0,C640837973,802455.95,951826.44,0,0
205,PAYMENT,4900.47,C1530174753,0.0,0.0,M694699886,0.0,0.0,0,0
259,PAYMENT,6943.17,C268140004,8747.34,1804.17,M1311030370,0.0,0.0,0,0
177,CASH_OUT,55403.88,C896954284,0.0,0.0,C474310761,1140870.49,1196274.37,0,0
403,PAYMENT,1985.04,C1204356916,61332.0,59346.96,M1019196388,0.0,0.0,0,0
231,PAYMENT,4657.45,C130483925,383994.97,379337.52,M485867375,0.0,0.0,0,0
141,CASH_OUT,214292.95,C319016064,0.0,0.0,C1396690905,234346.26,448639.21,0,0
326,CASH_OUT,154526.73,C1065068687,0.0,0.0,C14596119,448732.93,603259.66,0,0
19,CASH_IN,428724.11,C1474871376,2411895.2,2840619.31,C1798100287,790191.72,361467.61,0,0
374,CASH_OUT,162619.05,C2037462934,0.0,0.0,C1733125006,202319.44,364938.49,0,0
37,CASH_OUT,389648.02,C137551357,14237.0,0.0,C1232137508,1143443.73,1533091.75,0,0
300,PAYMENT,28877.04,C1120846377,0.0,0.0,M1529924333,0.0,0.0,0,0
214,PAYMENT,5847.62,C429145603,20842.0,14994.38,M1473645361,0.0,0.0,0,0
261,CASH_OUT,458750.02,C1817527735,0.0,0.0,C2131203345,505714.59,964464.62,0,0
520,TRANSFER,111923.77,C1848036219,0.0,0.0,C913739051,3050320.46,3162244.23,0,0
228,PAYMENT,3895.57,C1591554097,0.0,0.0,M1883717390,0.0,0.0,0,0
255,PAYMENT,2963.2,C1274357483,0.0,0.0,M610666038,0.0,0.0,0,0
299,CASH_IN,56823.22,C1524367860,1958.0,58781.22,C1785254048,0.0,0.0,0,0
187,CASH_IN,74126.78,C2045945980,475746.02,549872.8,C337240321,466401.43,392274.65,0,0
131,CASH_IN,146047.63,C546808426,758258.0,904305.63,C1455174892,2858328.38,2712280.75,0,0
162,CASH_OUT,11078.68,C1572690274,10627.0,0.0,C278598792,13583.62,24662.3,0,0
40,CASH_OUT,124971.3,C144445148,0.0,0.0,C1473367932,2652961.7,2777933.0,0,0
9,CASH_OUT,143915.83,C1620017258,0.0,0.0,C268402121,6111916.59,7742758.7,0,0
43,PAYMENT,2196.4,C1101775190,77422.21,75225.8,M890659221,0.0,0.0,0,0
373,CASH_OUT,36396.02,C363938613,0.0,0.0,C53197162,168315.03,204711.05,0,0
39,CASH_IN,193381.16,C1229650706,32441.0,225822.16,C2094787533,0.0,0.0,0,0
130,CASH_IN,287401.34,C1517274099,50461.0,337862.34,C218888997,236124.57,0.0,0,0
394,CASH_OUT,220703.31,C91864319,0.0,0.0,C854417121,420676.77,641380.08,0,0
279,PAYMENT,18448.39,C1165138526,113870.05,95421.67,M719926744,0.0,0.0,0,0
382,CASH_OUT,131142.5,C891498695,325.0,0.0,C1491627851,0.0,131142.5,0,0
236,PAYMENT,4267.44,C368877483,0.0,0.0,M970320393,0.0,0.0,0,0
330,CASH_OUT,46202.83,C1199217143,0.0,0.0,C344256415,412400.57,458603.4,0,0
254,CASH_OUT,440116.31,C1386114051,0.0,0.0,C1200724109,625963.04,1066079.35,0,0
309,CASH_IN,47406.55,C1677857636,1805242.75,1852649.29,C1384475089,275689.42,228282.88,0,0
167,PAYMENT,1480.78,C1888549454,8916.0,7435.22,M202034200,0.0,0.0,0,0
283,CASH_OUT,24666.79,C1206715471,0.0,0.0,C831036805,642311.58,666978.36,0,0
206,CASH_OUT,245757.07,C1412370943,117229.45,0.0,C498969639,2179683.49,2425440.56,0,0
334,CASH_IN,152678.8,C1482378768,243.0,152921.8,C837735950,0.0,0.0,0,0
259,CASH_OUT,173167.26,C1733014566,5.0,0.0,C868127551,0.0,173167.26,0,0
41,PAYMENT,8420.97,C1893100100,0.0,0.0,M1058627740,0.0,0.0,0,0
156,CASH_OUT,7135.92,C381723129,25150.0,18014.08,C2125354703,0.0,7135.92,0,0
9,PAYMENT,8012.51,C1803104514,442665.24,434652.74,M1056915534,0.0,0.0,0,0
180,PAYMENT,15529.91,C1908870200,41952.0,26422.09,M1054368178,0.0,0.0,0,0
132,PAYMENT,4874.34,C2119926136,14890.0,10015.66,M2072204707,0.0,0.0,0,0
166,CASH_OUT,197043.87,C1729779875,0.0,0.0,C75580520,798033.83,995077.7,0,0
307,PAYMENT,12282.88,C1039223719,29726.0,17443.12,M186074685,0.0,0.0,0,0
378,CASH_OUT,173002.95,C1637269018,21270.0,0.0,C1230723995,0.0,173002.95,0,0
211,CASH_OUT,113482.65,C1966944480,0.0,0.0,C1732006912,1030294.1,1143776.75,0,0
41,CASH_IN,187991.84,C883986779,160945.0,348936.84,C1821647451,285350.23,97358.39,0,0
19,PAYMENT,7832.17,C362630985,50857.0,43024.83,M381622079,0.0,0.0,0,0
398,PAYMENT,23759.89,C552974101,51219.0,27459.11,M1408267097,0.0,0.0,0,0
403,CASH_IN,59940.18,C1643756294,1582309.52,1642249.69,C1736989250,116639.11,56698.93,0,0
345,CASH_OUT,81766.45,C1551483181,5306.0,0.0,C1377451948,0.0,81766.45,0,0
279,CASH_OUT,108250.0,C1230466612,268133.33,159883.33,C1067858340,1059906.56,1168156.56,0,0
252,CASH_OUT,45436.5,C146249617,0.0,0.0,C325822564,2215463.68,2260900.18,0,0
162,CASH_OUT,56003.7,C405099231,0.0,0.0,C1783154169,3220194.64,3276198.34,0,0
236,PAYMENT,20246.89,C1694950458,0.0,0.0,M1362670622,0.0,0.0,0,0
525,CASH_IN,215234.19,C1539989911,2381454.19,2596688.38,C461047647,331927.88,116693.69,0,0
211,PAYMENT,76996.6,C1601596517,47638.45,0.0,M917274989,0.0,0.0,0,0
374,PAYMENT,19651.75,C1868700843,49605.0,29953.25,M356377986,0.0,0.0,0,0
262,CASH_OUT,126521.8,C1822264705,0.0,0.0,C308327518,2658469.63,2784991.43,0,0
8,PAYMENT,9424.27,C1182940746,20727.0,11302.73,M916934868,0.0,0.0,0,0
9,PAYMENT,5530.13,C63811197,28464.0,22933.87,M1312287327,0.0,0.0,0,0
185,PAYMENT,13736.13,C774047475,167042.09,153305.96,M483320924,0.0,0.0,0,0
469,CASH_OUT,49148.02,C31347753,40798.0,0.0,C1566367225,1037326.29,1086474.3,0,0
44,CASH_IN,156390.83,C1489098459,12375370.56,12531761.39,C1488425372,7619167.57,7462776.74,0,0
235,PAYMENT,10616.41,C1743626436,21464.0,10847.59,M356542895,0.0,0.0,0,0
155,PAYMENT,2428.39,C1011351350,18401.0,15972.61,M429531782,0.0,0.0,0,0
142,CASH_OUT,9059.01,C1278778190,11261.0,2201.99,C1291125373,0.0,9059.01,0,0
160,PAYMENT,3806.16,C271438643,160564.64,156758.48,M632388823,0.0,0.0,0,0
299,CASH_IN,366411.25,C1044616262,1334982.17,1701393.42,C1713348836,2203970.54,1837559.29,0,0
47,PAYMENT,6704.72,C1855710500,65948.84,59244.11,M2045082022,0.0,0.0,0,0
302,CASH_OUT,224399.29,C816905175,10518.0,0.0,C87803921,766660.9,991060.19,0,0
321,PAYMENT,13901.81,C1131097516,0.0,0.0,M1316197683,0.0,0.0,0,0
18,DEBIT,8213.91,C145303512,0.0,0.0,C428181615,857030.56,865244.47,0,0
304,CASH_OUT,157511.59,C1128902619,0.0,0.0,C1853152930,1044630.21,1202141.8,0,0
180,CASH_OUT,185579.95,C1079306530,6058.0,0.0,C1996431541,78372.3,263952.25,0,0
206,CASH_OUT,20756.23,C1466438725,79448.0,58691.77,C217918402,310641.68,331397.92,0,0
17,CASH_OUT,3047.14,C1369246597,98.0,0.0,C967054233,302757.82,305804.95,0,0
306,CASH_OUT,65310.67,C8339898,512409.65,447098.97,C878768811,1307437.89,1372748.56,0,0
403,CASH_OUT,327818.93,C1596047333,0.0,0.0,C1793538112,987991.0,993310.09,0,0
211,PAYMENT,7147.01,C165367466,0.0,0.0,M348627683,0.0,0.0,0,0
227,CASH_OUT,175801.05,C214971544,17662.0,0.0,C804568936,42342.13,218143.19,0,0
15,CASH_OUT,170590.94,C918103114,29835.0,0.0,C1691610698,786513.76,957104.7,0,0
19,CASH_OUT,384067.77,C344218062,0.0,0.0,C1807896178,757347.49,948310.19,0,0
330,CASH_IN,49893.14,C1648982612,700323.91,750217.05,C1368432168,212393.58,162500.44,0,0
45,CASH_IN,180594.2,C905543099,16970.0,197564.2,C1312182967,551041.48,370447.28,0,0
211,TRANSFER,419902.24,C111841420,22228.0,0.0,C906873065,0.0,419902.24,0,0
406,PAYMENT,7089.15,C409928694,128804.0,121714.85,M1564132756,0.0,0.0,0,0
201,PAYMENT,797.97,C738361334,0.0,0.0,M1930462791,0.0,0.0,0,0
309,CASH_IN,259615.99,C174895129,2782475.85,3042091.84,C178813439,1026736.98,767120.99,0,0
404,CASH_IN,100245.2,C627515459,50687.0,150932.2,C1742458150,1456950.32,1356705.12,0,0
181,CASH_OUT,1313.32,C1639522157,40399.0,39085.68,C563919860,108792.21,110105.53,0,0
330,CASH_IN,30406.11,C991007300,158769.0,189175.11,C525708015,102212.54,71806.44,0,0
308,CASH_OUT,137351.48,C895797069,2439.0,0.0,C1734987995,218806.03,356157.52,0,0
39,PAYMENT,3600.35,C1293627174,0.0,0.0,M32127399,0.0,0.0,0,0
161,PAYMENT,1638.07,C2145388433,49725.0,48086.93,M511192850,0.0,0.0,0,0
212,PAYMENT,4728.05,C682983995,31183.0,26454.95,M1432811561,0.0,0.0,0,0
285,CASH_IN,90316.3,C731001653,2678752.5,2769068.8,C1926881310,201180.35,110864.05,0,0
138,CASH_IN,154000.71,C1246253939,7431252.93,7585253.64,C1992218931,226183.42,72182.71,0,0
306,TRANSFER,376948.49,C1769439207,53548.0,0.0,C1459557053,886066.62,1263015.11,0,0
232,CASH_IN,85613.04,C1736312891,723723.17,809336.21,C1301112013,917572.05,831959.01,0,0
308,PAYMENT,1982.92,C34534318,2589.0,606.08,M1300844559,0.0,0.0,0,0
404,PAYMENT,2101.1,C2107086690,0.0,0.0,M1465931474,0.0,0.0,0,0
276,CASH_IN,378037.28,C2098186202,22687.0,400724.28,C996424688,0.0,0.0,0,0
546,PAYMENT,10750.01,C1360654043,0.0,0.0,M1677022654,0.0,0.0,0,0
11,PAYMENT,2580.38,C1057389005,16808.0,14227.62,M733364104,0.0,0.0,0,0
44,CASH_OUT,3872.1,C1881893738,0.0,0.0,C664572625,681708.15,685580.25,0,0
202,PAYMENT,40469.42,C430158389,0.0,0.0,M2005724109,0.0,0.0,0,0
376,PAYMENT,938.74,C704051532,0.0,0.0,M1115718987,0.0,0.0,0,0
229,CASH_OUT,305550.01,C332102118,9031.0,0.0,C1967993606,109345.8,414895.81,0,0
286,TRANSFER,529475.43,C897326898,0.0,0.0,C250850243,7676336.61,8205812.04,0,0
158,PAYMENT,4823.47,C2138255376,0.0,0.0,M272818188,0.0,0.0,0,0
306,PAYMENT,30388.93,C247311165,79299.0,48910.07,M1973666076,0.0,0.0,0,0
40,CASH_IN,124902.77,C1837602400,815032.07,939934.84,C1226227730,3712005.99,3586300.91,0,0
323,PAYMENT,12110.86,C1083549964,0.0,0.0,M1905626365,0.0,0.0,0,0
407,PAYMENT,13305.31,C1337664856,313752.0,300446.69,M245838341,0.0,0.0,0,0
16,CASH_IN,89049.74,C1376345837,5450296.28,5539346.02,C470475774,111228.01,112201.43,0,0
191,PAYMENT,2154.34,C1975796765,93065.0,90910.66,M1509255308,0.0,0.0,0,0
305,CASH_OUT,47878.31,C1779471091,13690.0,0.0,C977539007,6225.91,54104.22,0,0
274,CASH_IN,105066.94,C1081662279,6747.0,111813.94,C1644591918,3282.15,0.0,0,0
183,PAYMENT,23406.01,C840045559,56883.0,33476.99,M315476232,0.0,0.0,0,0
333,PAYMENT,14971.81,C797127246,0.0,0.0,M61955627,0.0,0.0,0,0
208,PAYMENT,17921.04,C383195192,0.0,0.0,M65980103,0.0,0.0,0,0
335,CASH_OUT,76251.46,C1450281633,22916.0,0.0,C2127577080,0.0,76251.46,0,0
260,TRANSFER,459297.76,C150837718,0.0,0.0,C26754902,2723053.94,3182351.7,0,0
431,CASH_IN,226717.85,C236973458,79672.88,306390.73,C1550271268,392638.39,165920.54,0,0
259,TRANSFER,634716.93,C924941282,847.0,0.0,C1429571799,492812.1,1127529.02,0,0
188,CASH_IN,144818.43,C425091048,1633968.59,1778787.02,C1682608629,2469248.35,2324429.92,0,0
546,PAYMENT,16636.62,C1192717961,78906.24,62269.62,M988742522,0.0,0.0,0,0
308,PAYMENT,15652.68,C1641389253,20178.0,4525.32,M463983431,0.0,0.0,0,0
40,CASH_IN,161266.54,C67357927,111426.0,272692.54,C2067776259,0.0,0.0,0,0
228,PAYMENT,14463.48,C1340997193,0.0,0.0,M245564484,0.0,0.0,0,0
138,CASH_OUT,100265.26,C866068983,0.0,0.0,C1935855935,416758.89,180837.36,0,0
306,CASH_OUT,32061.3,C1511771090,30108.0,0.0,C942725843,198038.04,230099.34,0,0
182,CASH_IN,51088.6,C163138401,6222144.54,6273233.14,C1762973221,1123020.39,1071931.79,0,0
394,CASH_OUT,489970.73,C239589532,25893.0,0.0,C912702967,0.0,489970.73,0,0
370,TRANSFER,104207.91,C327344389,0.0,0.0,C1889719767,214558.16,318766.08,0,0
307,PAYMENT,6329.82,C902921516,1612.0,0.0,M1086019288,0.0,0.0,0,0
